timestamp of task	-0.075748 0.065802 0.030439 -0.006310 0.069116 -0.005346 0.068669 0.043766 0.063849 -0.012550 0.005537 -0.060164 -0.046451 0.040678 -0.039091 -0.073144 0.051110 -0.016149 -0.016345 0.020157 0.010248 -0.008688 0.043939 0.057527 0.027057 -0.014040 -0.034645 -0.008671 -0.030140 -0.032089 -0.060675 -0.108204 -0.020562 0.048850 0.000967 0.025676 -0.014966 0.070962 0.031326 -0.079362 -0.010714 -0.064760 0.009131 -0.008577 -0.008543 -0.091081 -0.044514 -0.020722 -0.066102 0.077221 -0.009432 -0.052853 0.065975 0.024550 -0.009635 0.143128 -0.036539 0.027259 0.015351 0.012972 -0.113172 0.049669 -0.037411 -0.008700 0.053647 0.025412 0.024381 -0.055519 -0.014880 -0.057328 -0.088824 0.018869 -0.009243 -0.003223 -0.008038 -0.059200 0.048556 0.019085 -0.034683 -0.059099 0.000917 -0.027180 0.011090 0.045641 0.070116 -0.074859 -0.091669 0.069301 0.096027 -0.026196 0.009792 -0.036556 0.011011 0.025070 -0.045393 -0.002797 -0.033006 0.096734 0.069770 0.102198 -0.017283 0.065051 -0.023046 0.015773 -0.002744 0.025964 -0.067410 -0.099616 -0.046517 -0.006167 -0.020054 0.055547 0.054893 -0.092334 0.051104 -0.003966 0.043857 0.006850 -0.035987 -0.033344 0.001041 0.009326 0.040697 0.019596 -0.050133 -0.074709 0.120985 0.014606 0.053042 -0.093066 -0.037931 -0.057155 -0.004264 -0.008350 -0.006998 0.101334 0.041648 -0.045679 0.014119 -0.106402 -0.007226 -0.036838 -0.058479 0.020284 0.006572 0.115723 0.034433 -0.068292 0.004326 -0.035278 -0.078763 -0.029189 0.122718 -0.032875 0.015920 -0.049896 -0.018504 -0.067497 0.033172 -0.016856 -0.083510 0.044685 0.010924 0.023404 0.008495 0.010885 0.028884 0.020724 0.108904 -0.030503 0.007466 -0.018828 0.000131 -0.077397 0.068464 0.089369 0.079139 0.065459 0.044611 -0.018051 0.075137 -0.093779 -0.032440 -0.064749 0.075214 -0.066710 0.052246 0.107018 0.087578 -0.004708 -0.004709 -0.057710 0.016977 0.050299 -0.020817 0.005891 0.037468 -0.031996 0.047040 -0.050540 -0.056088 0.021528 -0.065624 -0.057155 0.144955 -0.022239 -0.009299 -0.027725 0.039331 -0.049438 -0.012133 -0.051695 -0.032331 -0.086418 0.047045 0.064672 -0.090229 -0.093104 -0.063872 0.045570 0.000770 0.065194 0.013874 0.000000 0.016737 0.024732 -0.027625 -0.000770 0.095969 -0.013026 -0.011188 0.092810 -0.098867 0.075706 -0.060812 -0.015070 -0.063651 0.029691 0.000997 0.024092 0.051837 0.038352 -0.019709 0.026593 -0.061505 0.073087 0.023274 0.013204 -0.019987 0.022834 0.058675 -0.093780 0.001572 -0.057160 -0.042878 -0.056771 0.025338 -0.025564 -0.022366 -0.020863 0.067450 -0.025306 0.057915 0.049341 -0.022739 -0.015032 -0.045420 0.025602 -0.007284 -0.004123 -0.059676 -0.017081 -0.006739 0.004334 0.045906 -0.075198 0.064493 -0.016325 0.039040 -0.047674 0.023818 -0.049960 0.086621 0.086252 -0.001807 -0.006647 0.056083 -0.014824 0.075802 0.017580 0.003657 -0.070840 -0.023776 -0.060750 0.007777 0.051941 -0.034949 -0.009793 -0.055089 -0.085921 0.031895 -0.001600 -0.007820 0.008567 -0.002969 -0.017222 -0.018876 0.060106 -0.044394 0.070241 0.076693 0.051116 -0.004569 0.007772 -0.019347 0.034861 -0.022055 0.078597 0.041519 0.000000 0.032882 0.029097 -0.028573 -0.054500 0.011447 0.006462 -0.026177 -0.028162 0.083781 -0.092775 0.091518 -0.060620 0.058386 -0.016017 -0.020650 -0.069760 -0.010177 0.071881 -0.004931 -0.057668 0.101526 0.021955 -0.040364 -0.001201 -0.037623 -0.013565 0.014141 0.072134 -0.004167 0.016908 0.009387 0.046506 -0.023550 -0.065815 -0.077904 -0.073149 0.062659 0.035436 0.060674 0.030290 0.007819 -0.023759 -0.024540 0.018824 0.033825 -0.027122 -0.101943 -0.042894 -0.024795 -0.084930 -0.064758 -0.028729 0.083846 -0.048454 0.062953 0.088412 0.090486 -0.032995 -0.020507 -0.030501 0.040579 0.065231 -0.034712 0.051872
label of task	0.031823 0.000849 -0.015181 -0.026305 0.046007 0.032773 0.103355 0.049560 0.004235 -0.103219 0.005801 -0.079006 0.004139 -0.007986 -0.036850 -0.026405 0.106405 0.006810 -0.013416 0.013605 0.046669 0.009655 0.036077 0.041772 -0.071256 -0.014047 -0.021268 0.055181 -0.002916 -0.088670 -0.032050 -0.079911 0.036087 0.058929 -0.063538 0.040564 -0.052717 0.041898 0.090706 -0.088822 -0.018581 -0.016566 -0.015186 -0.011502 0.011296 -0.051761 -0.105779 -0.049669 -0.089001 -0.012784 -0.060007 -0.057762 0.020282 0.077965 -0.004567 0.070265 0.020108 0.025852 0.052973 0.022562 -0.111461 0.037084 -0.019205 0.002935 0.029562 0.014310 -0.001640 -0.005188 -0.057318 -0.061962 -0.027426 0.027330 0.029664 0.034472 0.015742 -0.080874 -0.001103 -0.005828 -0.072930 -0.005431 -0.042405 0.046095 0.026289 -0.007949 0.011643 -0.005009 -0.078407 0.048566 0.077392 -0.011839 -0.031052 -0.066527 0.090502 -0.016208 0.017729 0.013670 -0.026431 0.021662 -0.019721 0.158283 -0.000527 0.026274 0.039862 -0.043658 -0.063208 0.004303 -0.038306 -0.071446 -0.021506 -0.014174 0.015050 0.066715 -0.080750 -0.030454 -0.018521 -0.031524 0.004834 -0.022661 -0.062620 0.001797 0.023489 -0.014284 0.112423 -0.022758 -0.027565 -0.035602 0.037925 -0.039805 0.019559 -0.064576 -0.002705 0.004415 0.002859 -0.011659 -0.043811 0.075190 0.028174 -0.010620 0.019650 -0.028252 0.041562 0.060707 -0.005687 -0.016506 -0.049984 0.105729 -0.056885 -0.047933 -0.013616 -0.019292 -0.019376 -0.039979 0.094437 0.014202 0.015867 -0.071272 -0.034059 -0.025706 0.054351 -0.027580 -0.006904 0.087130 -0.047032 0.060763 -0.057778 0.039386 0.065699 0.050604 0.047664 -0.026499 0.020599 -0.027977 0.050019 0.017704 0.055402 0.061232 0.080006 0.102793 0.031462 0.035175 0.035891 -0.120493 -0.025660 -0.046995 -0.030042 -0.030843 0.009258 -0.015911 0.049198 -0.035062 -0.025896 0.076353 0.089858 0.089723 0.010229 0.005504 0.031468 -0.034097 -0.055669 0.016678 -0.043721 0.107198 0.004560 0.022051 0.100892 -0.047776 -0.068779 0.002314 -0.062754 -0.029042 -0.015797 -0.001676 -0.035578 -0.075069 -0.016461 -0.009059 -0.022262 0.008173 -0.073042 0.031011 -0.048243 0.002813 -0.014305 0.000000 0.003448 0.062956 0.010514 -0.053174 0.060056 0.008719 0.022958 -0.008228 -0.052123 0.109221 -0.058482 0.064585 -0.118882 0.035790 -0.028615 0.014590 -0.038749 0.011626 -0.004211 0.075596 -0.040181 0.149625 0.026658 0.010146 0.000822 0.009246 0.043235 -0.028410 0.050693 -0.062234 0.017786 -0.092732 0.016604 -0.022033 -0.025403 0.044668 0.032507 -0.040311 0.055271 0.035408 0.032997 -0.053135 -0.035232 0.101538 -0.064099 -0.077317 -0.031933 -0.055995 -0.022864 0.000953 -0.056242 -0.081031 -0.059699 -0.071984 0.055142 -0.082008 -0.023233 -0.109693 -0.009301 0.012359 -0.018610 0.020586 0.010414 -0.007284 0.091162 0.004003 0.010464 -0.056632 0.010487 -0.077320 -0.021833 0.103251 -0.027323 0.016116 -0.010138 -0.082874 0.040780 -0.015257 -0.064503 0.038420 -0.008549 -0.109746 0.024073 0.074986 -0.029764 0.005928 0.057091 0.067482 0.020811 0.038294 -0.064887 0.027426 -0.022688 0.128461 0.029177 0.000000 0.059482 0.051414 0.014882 -0.101672 -0.010076 -0.010464 -0.029313 -0.073886 0.038071 -0.000558 0.066258 -0.063284 0.023622 0.020535 0.021355 -0.008775 0.024280 0.101351 0.020236 -0.026899 0.128855 0.002258 -0.074872 0.054686 -0.056814 -0.009155 0.060491 0.073359 0.012818 -0.037985 0.009442 0.050753 0.013400 -0.002299 0.030698 -0.015193 0.007209 0.066513 0.121621 0.023029 -0.077532 -0.005386 -0.012939 0.034289 0.041324 0.030195 -0.113817 -0.043104 -0.019197 -0.072172 -0.069298 -0.035950 0.021210 -0.018084 0.072228 0.058324 0.089133 -0.023547 -0.072039 0.011078 0.035995 0.082239 -0.086850 0.040355
rating of ratings	-0.066934 -0.024196 0.006572 -0.052835 -0.044608 0.087499 0.051894 0.112044 0.063008 -0.008730 -0.041180 -0.030870 0.086852 0.019124 -0.077984 0.028486 0.176100 -0.073524 0.023769 -0.003173 0.047814 -0.022475 0.036679 -0.032786 0.061309 -0.080695 -0.028376 0.090078 -0.075894 -0.040578 -0.062406 -0.000494 0.078731 0.013279 -0.036396 -0.027276 -0.031804 -0.021698 -0.043474 -0.000056 0.026962 -0.005104 0.038464 -0.041443 -0.034432 -0.015477 0.021167 0.015862 -0.029201 -0.007806 -0.029352 -0.030374 -0.031336 0.012345 0.032395 -0.034225 -0.002484 -0.049260 -0.069505 -0.003456 -0.050265 -0.024313 0.023755 -0.030241 -0.036063 0.033989 -0.085286 0.012255 -0.074920 -0.020109 -0.015982 -0.044208 0.036165 -0.082115 -0.079700 0.062283 -0.043507 -0.059510 0.041380 -0.070118 -0.015088 -0.069278 -0.081684 -0.024156 -0.004894 -0.048939 0.031969 0.022523 -0.051674 0.027542 0.040850 -0.008355 0.125239 0.008784 0.021331 0.019740 -0.074461 -0.124526 0.004569 0.129538 -0.032818 0.037202 -0.100853 -0.044192 -0.057474 0.036401 0.039995 0.061082 -0.004677 0.061067 -0.061627 0.076642 0.005204 -0.000547 0.130808 0.055965 0.034603 0.033461 0.094307 -0.004575 0.031407 0.050521 -0.044334 -0.045901 0.102340 -0.016628 0.076215 -0.067512 -0.001661 0.006259 0.048369 0.079352 -0.006684 0.041943 -0.100065 0.026253 -0.018141 0.017164 0.032623 0.065778 0.071984 -0.039749 0.053920 -0.024524 0.018725 0.060778 -0.100611 0.030600 -0.035339 0.112105 -0.020140 -0.093936 0.018525 0.004072 0.003031 0.023272 -0.062579 0.016914 0.023793 -0.025633 0.047940 0.014925 -0.012578 0.033062 -0.021116 0.094668 0.023148 0.032887 -0.048112 -0.005348 -0.002433 -0.038341 -0.090363 0.097563 -0.084276 0.049900 0.020401 0.047918 0.037913 0.002756 -0.000281 0.003600 -0.017920 0.093457 0.010260 -0.060552 0.016085 -0.165337 0.033130 0.044574 -0.022761 -0.079382 0.043097 0.016413 0.046259 0.008901 0.032458 0.007911 -0.066109 -0.036933 0.039778 -0.020701 0.008458 -0.034726 0.018957 0.010471 0.078503 -0.017732 -0.008491 0.045034 -0.016879 -0.044412 -0.025884 -0.048195 0.040549 -0.015775 0.040817 -0.020934 -0.008805 -0.022633 0.031726 -0.015952 -0.044090 0.000000 -0.078924 0.078406 -0.002323 0.056060 -0.000325 0.014474 0.016328 -0.054292 -0.009745 0.007644 -0.026240 -0.068702 -0.040588 -0.026334 -0.023416 -0.022825 0.002220 0.020170 -0.047097 -0.040218 0.054001 0.100736 0.039455 0.079426 -0.018231 -0.011339 -0.000624 -0.077770 0.003321 -0.077959 0.131517 0.032196 0.023055 0.075052 0.004529 0.042228 0.057056 -0.115295 -0.055640 0.025589 0.099726 0.058828 -0.043463 -0.007486 -0.093405 -0.060228 0.061147 -0.071517 0.010256 -0.068908 -0.040617 -0.071759 0.046759 0.017122 -0.048691 -0.070142 0.014282 0.035532 -0.044612 -0.014980 -0.005379 -0.010305 -0.061883 -0.007894 -0.012179 -0.002515 0.038373 -0.016669 0.030241 -0.028054 0.016796 0.102581 -0.014980 0.004821 0.019737 0.009246 0.015527 0.034591 -0.000761 -0.068464 -0.010713 -0.055050 -0.027759 -0.054241 0.053080 -0.028932 0.157510 -0.050680 -0.007272 0.023667 0.037044 -0.005910 0.021191 -0.014501 -0.081443 0.000000 -0.025534 -0.013707 -0.055876 0.128438 -0.012686 0.117563 0.036480 -0.034684 -0.007471 0.109648 0.062110 -0.077087 -0.088421 0.003321 0.054839 -0.085136 -0.019849 0.023890 -0.014924 0.075264 0.031642 0.029931 0.061279 -0.034381 0.054647 0.046201 0.029947 -0.024369 -0.064948 -0.022391 0.040080 0.004312 -0.070787 -0.019202 -0.031364 0.037462 0.002940 0.054353 -0.033693 0.041010 0.046955 -0.010897 0.028278 0.011162 -0.016707 -0.027271 0.008541 0.000545 -0.012205 0.024624 -0.023170 -0.003008 0.033159 -0.067999 0.002675 -0.017202 0.011830 -0.007131 -0.067695 0.044626 0.052780 0.043988 -0.079057 -0.052894
ts of ratings	-0.048806 -0.002076 0.041873 -0.034998 -0.024616 0.037900 0.082255 0.118914 0.090129 -0.033910 -0.024298 -0.055691 0.063590 0.035062 -0.051496 0.000547 0.125952 -0.067589 0.009730 -0.042571 0.008798 -0.035449 0.029887 -0.068200 0.137942 -0.113524 -0.011473 0.065918 -0.040427 -0.066467 -0.079269 -0.001414 -0.008836 0.019043 -0.027270 -0.043139 -0.041967 -0.001560 -0.047466 0.012055 0.029604 -0.040103 0.014635 0.000424 -0.048509 -0.032651 -0.025052 -0.000087 -0.095038 0.052698 -0.052883 -0.070058 -0.051029 0.047263 0.080442 -0.015983 -0.057611 -0.030879 -0.037477 -0.023978 -0.019561 -0.036940 0.008311 -0.026755 0.013729 0.042354 -0.102179 0.037021 -0.061184 -0.013555 -0.028488 -0.041198 -0.016178 -0.061966 -0.040206 0.002555 -0.000216 -0.056612 0.030304 -0.018576 -0.013690 -0.070891 -0.026059 -0.010245 -0.023399 -0.016463 0.021029 -0.006751 -0.048631 0.050097 0.017326 -0.059174 0.145417 0.026163 0.016949 0.013991 -0.086420 -0.136644 0.054430 0.193234 -0.013710 0.056009 -0.045970 -0.001343 -0.057909 -0.012330 0.015099 0.004919 0.006199 0.068593 -0.053676 0.072818 0.008512 -0.016361 0.099657 0.002444 -0.009600 0.054162 0.100150 -0.045880 0.073762 0.100132 -0.044590 -0.025353 0.080234 -0.034670 0.073976 -0.036036 -0.019409 0.014420 0.033259 0.090977 -0.030110 0.051885 -0.083591 -0.002091 -0.043256 0.025080 0.035271 0.072731 -0.003477 -0.036361 0.087509 -0.018293 0.070309 0.076852 -0.054492 0.006615 -0.026740 0.134187 0.018878 -0.039618 -0.000203 0.017805 -0.021814 0.022125 -0.052047 0.017646 0.005093 -0.019061 0.009831 0.073657 -0.033488 -0.009573 0.012773 0.033463 0.024440 0.024915 -0.062099 0.045761 -0.001049 -0.025244 -0.081842 0.060585 -0.065125 0.040877 0.012548 -0.006358 0.045881 0.029548 0.032497 -0.060632 0.014746 0.103128 0.014044 -0.019253 0.017641 -0.129478 0.050704 0.055329 -0.000587 -0.089821 0.066774 0.002973 0.085676 -0.041915 0.013430 0.007213 -0.062808 0.016114 0.056693 -0.018856 0.002321 -0.003901 0.025837 -0.047068 0.047748 -0.020526 0.016364 0.000228 -0.021164 -0.014082 -0.033460 -0.004116 0.043963 -0.057077 0.017912 -0.043592 0.006070 0.004470 0.026166 -0.034304 -0.052849 0.000000 -0.058118 0.100074 -0.018476 0.081741 -0.028902 -0.051899 0.042392 -0.037112 0.067048 0.021998 -0.025356 -0.124088 -0.093814 -0.034489 0.009367 -0.011114 0.069281 0.089343 -0.030932 -0.023808 0.061785 0.071715 -0.013188 0.069152 -0.040194 -0.015374 -0.023649 -0.056289 -0.054495 -0.060467 0.054328 0.042771 0.048681 0.067527 -0.007129 0.017036 0.097131 -0.062396 -0.091978 0.036186 0.097391 0.019634 -0.065574 0.024457 -0.065286 -0.080080 0.010471 -0.048792 0.006150 -0.077975 -0.007250 -0.078740 0.005932 0.004570 -0.058368 -0.095831 0.055887 -0.004189 0.006105 0.029418 0.013182 -0.010499 -0.068161 0.010135 0.003884 -0.002252 0.031945 -0.054004 0.009944 0.003707 -0.027865 0.069315 0.003981 -0.077916 -0.010020 0.004743 0.047844 0.027788 0.033348 -0.056678 0.036938 -0.022850 -0.033708 -0.032006 0.092493 0.017049 0.118579 -0.039272 -0.020959 0.022608 0.053090 0.028244 0.067492 0.042434 -0.031988 0.000000 -0.048201 -0.021987 -0.111051 0.084560 -0.002242 0.073185 -0.061414 -0.038383 -0.009192 0.101465 0.051992 0.008575 -0.081730 0.007447 0.101988 -0.044246 -0.051513 0.035934 -0.036226 0.034984 0.013808 0.042925 0.030494 -0.014523 0.068542 0.019024 0.004933 -0.014587 -0.042647 -0.048066 0.000325 -0.012874 -0.032767 -0.050138 -0.025960 0.060182 0.010112 0.030674 0.061901 0.069206 0.009001 -0.023222 0.035467 0.038170 -0.020494 -0.002236 -0.052989 0.014452 -0.033376 0.006130 0.021377 0.002704 -0.001227 -0.035205 0.005020 -0.003326 0.054815 0.006390 -0.110754 0.015822 0.079894 0.030435 -0.063395 -0.063158
title of movies	-0.076031 -0.064295 -0.073852 0.029264 0.012396 0.058185 0.052663 -0.007840 0.065312 -0.071576 -0.001918 -0.014837 0.026902 0.053099 0.014237 0.088215 0.122593 0.081829 -0.004762 0.019858 0.034802 0.122469 0.012277 -0.053863 0.037496 -0.088362 0.038588 0.022802 -0.029844 -0.056424 -0.033778 -0.056507 0.010169 0.010916 0.030764 0.025726 -0.060593 0.006327 -0.065248 -0.080051 0.014773 -0.045082 0.106479 0.008125 -0.011646 -0.022515 0.005588 0.014897 -0.017905 0.053598 0.040299 -0.052872 -0.053125 0.028291 -0.021334 -0.087703 -0.052295 -0.009326 0.094233 0.001565 -0.061030 -0.098463 0.002325 0.000307 -0.031323 -0.006748 -0.027691 0.005699 -0.080427 -0.002887 -0.095462 0.146694 0.077355 -0.014440 -0.073275 0.057234 0.067053 -0.010253 -0.048872 -0.050665 -0.021372 -0.102155 -0.049334 -0.027385 0.008537 0.060632 0.029095 0.056244 -0.053765 0.100973 -0.062244 -0.016858 0.116531 0.012900 -0.034271 -0.005953 0.028205 -0.093894 0.072279 0.171968 0.013481 -0.004071 -0.009101 -0.050623 0.068565 0.000062 0.023253 0.097885 0.028587 -0.021133 -0.056013 0.039528 0.014786 -0.031679 0.006589 -0.007541 -0.021831 0.024541 -0.072996 -0.027789 0.017633 0.031677 -0.012678 -0.067282 -0.111599 -0.057436 0.038711 -0.088849 0.001615 -0.073456 -0.021687 0.040573 0.010279 0.008606 -0.038069 0.046602 -0.046875 0.024006 -0.035780 -0.084303 -0.010462 -0.042041 0.011021 0.054374 0.028622 0.002954 -0.022515 0.005023 -0.019716 0.118367 0.010866 0.002050 0.039272 -0.083478 -0.021685 -0.096973 0.004209 0.001215 0.043552 0.007105 -0.013505 0.019966 0.002269 0.013644 -0.007879 -0.060386 0.070229 0.049745 -0.095998 -0.001001 -0.119252 0.044544 0.027543 0.026385 0.008764 0.034756 -0.055623 0.061296 -0.070686 0.125467 -0.025945 -0.025772 -0.108852 0.035986 -0.014213 -0.063965 -0.017651 -0.006184 0.081514 0.013143 -0.030228 0.012142 0.017875 0.011096 0.059232 0.064318 0.041611 0.031947 -0.046654 0.072101 0.040310 -0.055122 0.075174 -0.036037 0.036415 -0.047855 -0.033159 0.001278 -0.025608 -0.014578 0.025117 -0.063320 -0.016106 0.033239 -0.026200 -0.075634 -0.057993 0.010154 -0.039322 0.013162 0.041460 -0.028364 0.002323 0.000000 0.002541 -0.050717 -0.047094 -0.061711 -0.024399 -0.009401 -0.050496 -0.078761 -0.008060 -0.022212 0.034746 0.008172 0.022815 0.042459 -0.024862 -0.071659 0.041650 -0.089081 -0.005379 0.063318 -0.001483 0.020144 0.017139 -0.068965 0.030892 0.012059 -0.036209 0.019959 0.020032 0.016862 0.144188 -0.000202 0.037843 0.060413 -0.059600 0.018777 0.085541 -0.177064 -0.024372 0.049917 -0.037592 0.050599 -0.020916 0.037850 0.013870 -0.083843 0.008068 -0.029138 -0.015571 0.032801 -0.083816 -0.011724 -0.038559 -0.118889 -0.018674 0.018528 -0.057562 0.048773 0.069930 -0.021051 0.019592 0.028776 0.050934 -0.024956 -0.047788 -0.001189 0.037634 0.031596 0.018122 0.013534 -0.025037 0.095224 -0.034784 -0.008950 0.001296 -0.008107 0.034861 0.065636 0.018975 -0.060694 -0.033143 -0.003787 -0.003982 0.118565 -0.037324 0.026221 0.048508 0.095562 0.033182 0.003105 0.037600 -0.018979 0.097863 -0.002527 0.040037 0.000000 0.040690 0.051690 -0.049502 -0.060333 -0.004560 0.060908 0.005229 0.026902 0.077650 0.038058 0.016710 -0.005587 -0.011929 -0.033542 -0.014430 0.041890 0.005777 0.070385 0.126689 0.041983 0.003791 -0.012495 0.034838 -0.075819 0.005920 0.009389 0.049730 -0.052610 0.020828 0.059135 -0.014044 0.000513 -0.074746 -0.065562 0.001946 -0.001798 -0.004517 0.019213 0.116387 0.056579 -0.052313 0.080378 0.061523 -0.011683 0.022480 -0.017314 0.072239 -0.042056 -0.033562 -0.060959 -0.035931 -0.026061 0.003549 0.059129 0.007508 0.005112 -0.029830 0.000970 -0.075990 0.014954 0.005880 -0.019297 0.066070 0.026132
genres of movies	0.016670 -0.128024 -0.012008 0.010724 -0.026153 0.092545 0.041390 -0.022760 0.041888 -0.018133 -0.018992 0.044270 -0.005292 0.031711 0.019278 0.084650 0.189719 0.015542 0.041452 -0.020544 0.040082 0.075354 -0.020236 -0.033283 0.026489 -0.060983 0.005570 0.060519 -0.073312 -0.045347 -0.018114 0.082590 0.024508 -0.021215 -0.027297 -0.050705 -0.041742 0.043558 -0.068699 -0.013682 0.042367 -0.020507 0.129085 -0.020923 0.025285 -0.011026 0.002657 0.054336 -0.003518 0.060521 -0.003229 0.021716 -0.013009 0.035562 -0.044116 -0.091587 -0.054976 0.032172 0.038094 -0.051631 -0.030971 -0.106541 -0.019193 -0.026362 -0.027959 0.030735 0.020281 0.031083 -0.095438 -0.018218 -0.068656 0.047702 -0.001639 0.007544 -0.050791 0.048552 0.077242 -0.027813 -0.090814 -0.064961 -0.016784 -0.070927 -0.000226 -0.031385 -0.006672 0.025112 0.039741 0.134984 -0.068495 0.123731 -0.044518 -0.005625 0.098119 0.021475 0.023917 0.057824 0.025949 -0.100117 0.075400 0.154035 0.036773 -0.031741 -0.033231 -0.019655 0.006167 -0.063373 0.078657 0.042399 0.005293 -0.031482 0.002528 0.071188 -0.007797 -0.103519 0.075687 -0.015411 0.010624 0.041257 0.016639 -0.003456 0.030168 0.012181 -0.005413 -0.079279 -0.056136 -0.036135 0.003622 -0.038628 -0.009817 -0.075345 -0.014179 0.092690 0.045073 0.006175 -0.032965 -0.000562 -0.027474 0.026137 -0.014525 0.004680 -0.039373 -0.004028 0.049082 0.063096 -0.003953 0.009230 -0.044924 0.020410 -0.014900 0.210553 0.054750 -0.019081 -0.001103 -0.080597 -0.038731 -0.072385 -0.029971 0.014245 0.006645 0.065642 0.022329 -0.022805 0.019266 0.025308 -0.043652 -0.005961 0.080241 0.031595 -0.069832 -0.011519 -0.111163 -0.019681 -0.021156 -0.013945 0.029642 0.008172 -0.103118 0.078138 -0.042033 0.068754 0.043381 0.021107 -0.002902 0.062906 0.024704 -0.070498 0.022549 -0.025534 0.091109 0.091970 0.035089 -0.070976 -0.049174 0.039659 0.064380 0.023661 0.035603 0.070216 -0.071345 0.089230 -0.008064 -0.020603 0.071710 -0.014330 -0.007005 -0.003559 -0.022440 0.013145 -0.008199 -0.008696 -0.022542 -0.060759 -0.065212 -0.001598 0.006750 -0.083770 0.013562 -0.037674 -0.028351 -0.055776 0.064148 -0.016024 0.036068 0.000000 -0.003128 -0.045190 -0.017656 0.010871 -0.037504 -0.009231 -0.125514 -0.092652 0.091689 -0.033733 0.041516 -0.021318 0.061264 0.052092 0.032446 -0.107498 -0.057339 -0.063433 -0.001704 0.120557 -0.032502 0.004919 0.031242 -0.048148 0.016100 0.018971 -0.110853 -0.000709 0.015299 0.028186 0.171237 0.008351 0.057357 -0.035463 -0.036582 0.057285 0.043218 -0.083691 -0.035159 0.010930 -0.048653 0.053847 0.020978 0.031014 -0.044325 -0.015193 -0.009881 -0.050615 0.011196 -0.027653 -0.076714 -0.063129 0.007141 -0.084528 0.016967 -0.047085 -0.082057 0.037726 0.028797 -0.045971 0.010588 -0.023951 0.059294 -0.045987 -0.064652 -0.034984 0.028305 -0.006812 -0.027169 0.035999 -0.001599 0.109010 -0.108309 0.040488 -0.014602 -0.010329 0.052168 0.008321 0.021952 -0.032705 -0.013823 0.033283 -0.064655 0.038402 -0.055140 0.056867 0.038034 0.066004 -0.006838 -0.000504 0.035902 -0.051436 0.081115 0.018768 -0.012733 0.000000 -0.014242 0.005798 -0.025492 0.021623 -0.059691 0.075038 0.008227 0.042184 -0.004382 0.058626 -0.023008 -0.021870 0.011997 0.034131 0.002885 0.018153 0.003526 0.010455 0.033278 0.035228 0.033868 0.024247 -0.019048 -0.059055 0.014351 0.001618 0.027137 -0.094307 0.013011 0.063773 0.029397 0.006995 -0.098849 -0.067832 -0.067351 -0.015469 0.013437 0.028319 0.003509 0.026534 -0.003147 0.039655 0.049562 -0.012468 0.016897 -0.018325 0.113946 0.022101 0.001123 -0.039254 -0.041530 -0.009675 0.050041 0.040263 0.011715 -0.000248 -0.031461 0.012512 -0.079437 0.003911 -0.000880 -0.052527 0.034927 -0.032991
Toy Story (1995)	-0.070669 0.008455 0.095601 -0.035936 0.060742 -0.014191 0.025704 -0.005841 0.045450 0.066780 0.001249 0.061681 0.037148 0.043250 -0.030295 0.064739 0.049520 0.073994 0.051268 -0.036740 0.039051 0.019368 0.032140 -0.048881 -0.079621 0.000881 -0.039012 -0.018449 -0.076667 -0.091655 -0.048211 -0.053349 0.005809 -0.061634 -0.037056 0.011821 -0.068024 -0.028048 -0.069049 -0.058387 -0.021075 0.004189 0.033775 0.003768 0.018827 -0.001539 0.001282 0.014800 0.052476 0.023430 -0.025899 -0.041392 0.001774 0.011954 0.030284 0.017099 0.004666 -0.022725 0.039358 0.026077 -0.020944 -0.058560 0.031607 0.003641 0.022793 -0.028173 -0.050769 -0.053089 0.020373 -0.068131 -0.092011 0.064801 -0.028434 0.023101 -0.016122 0.045585 0.055546 -0.037678 -0.006809 -0.049597 -0.066479 -0.082537 -0.126093 0.010128 -0.090695 0.023537 0.015806 0.013040 -0.075765 0.088449 -0.054472 -0.054979 0.051182 0.086819 -0.016580 -0.022031 0.038144 -0.063214 0.024941 0.123817 0.040886 -0.020309 0.036113 -0.093277 0.039491 -0.008598 -0.019352 0.049459 -0.042487 -0.018106 -0.018748 0.103778 0.042275 0.051077 0.050958 0.006806 0.012385 0.028847 -0.006303 -0.005618 0.091812 0.097881 -0.042534 0.039849 -0.074634 -0.107473 0.029853 -0.017280 -0.006661 -0.096372 -0.007359 -0.028376 0.004210 0.091632 -0.013655 0.053680 -0.030055 0.037098 -0.034326 -0.099627 -0.069627 -0.019706 0.040390 -0.001522 -0.084382 -0.010211 0.082593 0.032428 -0.041921 0.109876 0.080642 0.048073 0.040775 -0.003212 -0.022711 -0.098499 0.039577 -0.008547 0.029219 -0.012856 0.013675 0.029867 -0.080472 -0.037141 -0.036726 -0.057862 0.037485 0.066917 0.026362 -0.057754 -0.003813 0.070476 0.000161 0.032474 0.010582 -0.031433 0.020320 0.078816 -0.092301 0.114556 -0.043160 -0.041866 -0.045339 0.037006 0.063779 -0.102620 0.005837 0.035192 0.024606 0.032088 0.050806 -0.029031 0.031031 -0.000337 0.117168 -0.041746 0.076259 0.081279 0.020429 0.035725 -0.090602 -0.103351 0.050450 -0.046572 0.027459 0.020480 -0.076406 -0.071425 0.017193 0.081435 0.013693 -0.022811 -0.040115 0.017880 -0.034296 0.010282 0.024732 0.032750 0.064376 -0.041575 -0.102888 0.013890 0.023899 0.000000 0.018122 -0.024345 0.003308 -0.042562 0.056984 0.028922 -0.019495 -0.053505 -0.008077 0.015964 -0.045916 -0.016896 0.047322 0.073962 -0.000246 0.016997 -0.041004 0.080614 -0.029717 0.012581 0.013973 0.004518 0.025012 -0.020601 -0.042087 0.025236 0.033842 -0.038785 -0.045240 -0.042037 0.058046 -0.034683 0.013321 0.056039 -0.004365 -0.047180 0.027033 -0.115702 0.033301 -0.121629 -0.027188 -0.048191 -0.037989 0.042518 -0.098159 0.018927 0.017220 0.010633 0.098609 0.039422 -0.089659 -0.069762 0.002457 -0.158305 -0.017864 0.022202 -0.001735 0.029485 0.128995 0.047743 0.025393 0.005433 0.067702 -0.044937 -0.014332 -0.052241 0.049439 -0.041339 0.055789 0.024698 -0.029327 0.079096 0.014696 -0.043026 0.022341 0.011188 0.012117 0.014291 0.036850 0.021631 0.010153 -0.049452 0.006309 0.063022 -0.065574 0.041099 0.011245 0.083767 -0.068214 0.068880 -0.050012 0.045068 0.030519 -0.018567 -0.017135 0.000000 0.012354 0.043385 -0.077635 -0.063310 0.060442 0.007212 0.037785 0.028330 -0.054982 0.008894 -0.087632 -0.036672 -0.017164 0.037173 -0.059446 -0.037866 -0.029963 0.080015 0.065737 0.092808 -0.001166 0.038304 -0.003145 -0.078458 -0.000053 -0.028303 -0.040929 -0.008487 -0.049827 0.018207 0.049837 0.041552 -0.040776 0.023605 -0.053329 -0.062203 -0.004035 0.016472 0.025110 -0.050780 0.150052 0.056942 0.010874 -0.014550 -0.019570 0.036196 -0.001305 -0.096605 0.023784 0.075173 -0.096794 0.012456 -0.031062 0.018200 0.051637 0.028256 0.038021 -0.010612 -0.119161 0.025348 0.029625 0.058602 0.031970 0.064825
Adventure|Animation|Children|Comedy|Fantasy	0.025552 -0.022651 0.057382 0.032072 -0.023868 0.051856 0.021832 0.027688 -0.045778 0.082121 -0.053457 0.066328 -0.034083 0.068005 -0.014793 0.038013 0.084455 0.091138 0.039643 0.016837 0.009859 0.052033 0.054923 -0.105988 0.002934 -0.004224 -0.017981 0.006889 -0.027131 -0.118966 0.044800 0.038857 0.094621 -0.031926 0.021621 0.063566 0.002694 0.021499 -0.017939 0.004650 -0.072906 -0.011202 0.082126 -0.020125 -0.004101 0.015436 -0.030766 -0.050615 -0.011032 0.010592 0.018410 -0.067244 -0.084481 0.082484 0.023553 -0.022408 0.007510 -0.053592 -0.022938 -0.034065 -0.036405 -0.027263 0.050519 0.008375 -0.096084 -0.022583 -0.029829 -0.001109 -0.002506 -0.040127 -0.088682 -0.001795 0.016238 0.068041 0.021639 0.073051 0.052798 -0.042189 -0.048854 -0.071533 -0.051819 -0.109868 0.029492 -0.022115 -0.065750 0.010338 -0.032424 0.060545 -0.047459 0.057772 -0.086229 -0.025647 0.098680 0.028197 0.008150 0.048121 0.019595 -0.126775 -0.000683 0.078571 -0.045804 0.028472 0.052673 -0.006393 0.028448 -0.009542 -0.032596 -0.095573 0.013441 -0.086867 0.002220 -0.021951 0.030705 -0.067425 0.055648 -0.070067 -0.003741 -0.008679 0.007227 0.058436 0.087207 0.029590 0.026789 0.040398 0.024433 -0.034336 -0.012878 -0.018799 0.012605 -0.027116 0.049461 0.090157 0.021398 0.069882 -0.011863 -0.047477 -0.032193 0.038223 0.025843 0.067920 -0.002482 0.042029 0.050896 -0.037615 -0.069610 -0.076334 0.066969 0.055418 -0.009063 0.111012 0.078267 0.007548 -0.003628 0.032676 -0.018426 -0.101746 0.054963 0.041782 0.043886 -0.072455 0.018214 -0.037760 0.011346 -0.009943 -0.049639 -0.040005 -0.000583 0.075941 -0.098977 -0.067953 -0.126376 0.070542 -0.044556 -0.008186 0.075306 0.090692 -0.104450 0.123045 -0.086027 0.049609 0.013402 -0.032395 0.003594 0.014824 0.033796 -0.068821 -0.046594 -0.028410 0.122298 -0.008435 0.052756 -0.030843 -0.001175 0.029904 0.115477 -0.013895 -0.020168 0.016669 -0.026362 0.017350 0.009181 -0.026429 -0.004209 0.020955 -0.042992 0.002268 -0.097041 -0.033921 -0.034058 -0.070979 -0.046857 -0.035080 -0.014001 -0.052225 0.051342 -0.084139 -0.064318 -0.027033 -0.019139 0.016295 0.071591 -0.007384 -0.029222 0.000000 0.047186 -0.070860 -0.066803 0.036208 -0.057329 -0.013379 -0.082012 -0.014253 0.064844 -0.030688 -0.079582 -0.038351 0.049383 -0.014343 -0.067335 -0.043903 0.005075 0.006162 0.008825 0.119005 0.019269 0.029497 -0.066949 -0.012714 0.071918 0.082414 -0.004383 -0.070108 -0.084957 0.065125 0.031127 0.048899 0.082263 -0.025835 -0.032508 0.011383 0.044851 -0.084373 -0.024837 0.033456 0.013864 -0.008116 0.043242 0.074841 -0.032167 0.046775 -0.045812 0.011674 0.011452 0.008205 -0.061191 0.016204 -0.010683 -0.164687 0.036457 -0.023709 -0.037949 -0.048467 0.029807 -0.046328 -0.011607 -0.046890 0.033311 0.051214 -0.009585 -0.052962 -0.043006 -0.063846 -0.030292 -0.033766 0.005168 0.067354 0.027216 -0.060493 -0.021537 0.089349 0.086022 0.051076 -0.021429 0.012076 -0.055641 -0.037876 -0.000307 -0.001062 -0.084019 0.063666 0.003247 0.025097 -0.021514 0.015821 0.006405 0.021453 0.015281 0.019191 0.020706 0.000000 0.032205 0.040852 -0.031796 -0.038085 0.032398 0.031121 0.046557 0.042795 0.022552 0.031403 0.014368 0.012669 0.026578 0.071859 0.036008 0.014357 0.011712 0.006250 0.025212 0.038559 0.026117 0.046570 -0.029743 -0.104105 -0.047247 0.004018 -0.002634 -0.132111 0.046049 0.060544 0.091886 0.066534 -0.069852 -0.090488 -0.053437 -0.102673 -0.024017 -0.005344 0.016974 -0.008707 0.088394 -0.009525 0.077161 -0.029973 -0.007266 0.039382 0.070439 -0.042872 -0.050636 -0.013901 -0.085878 -0.036638 -0.017956 -0.017788 0.102196 -0.020062 0.021271 0.014705 -0.054764 0.028575 0.050341 -0.031445 -0.051253 -0.033948
Jumanji (1995)	-0.114287 0.060971 -0.050688 -0.086753 0.034094 0.043634 0.022820 -0.034889 0.015709 0.007515 -0.011318 -0.029678 0.038234 0.078682 -0.037273 0.045531 0.069208 0.092247 0.042570 0.033086 0.007574 0.019179 0.000782 -0.076401 0.052962 -0.008340 0.027779 0.009946 -0.085131 -0.033171 0.008407 0.048890 -0.022667 -0.043418 -0.083058 -0.013398 0.011071 0.088104 -0.048856 -0.006919 0.037840 0.053516 -0.012325 0.004855 0.029430 -0.029210 0.049599 -0.004398 0.082679 -0.002141 -0.088018 -0.063820 0.028725 0.036545 0.030867 -0.077137 -0.088048 0.053437 0.014197 -0.001990 0.048637 -0.043648 -0.041994 0.009893 0.019764 -0.032459 0.051648 -0.144822 0.003291 -0.010044 -0.100967 0.038732 0.032716 -0.008019 -0.036912 0.040374 0.071684 -0.023835 -0.058389 -0.065195 0.015107 -0.064792 -0.059210 -0.017126 -0.044697 0.004888 0.076230 0.080839 -0.063776 0.056456 -0.006438 0.046136 0.026902 -0.002756 0.037856 -0.012768 0.049097 0.041778 0.001850 0.145558 0.074430 -0.009003 -0.041498 -0.093806 0.039927 0.031786 -0.005582 0.107612 0.098413 -0.023132 -0.091392 0.055709 -0.021113 0.036569 -0.003989 0.021949 0.061064 -0.005522 -0.087133 -0.019093 0.027637 0.069938 -0.054546 -0.049529 -0.041667 -0.066858 0.003432 0.014735 0.045072 -0.086402 0.049909 -0.040013 0.050827 -0.044811 -0.022067 0.023368 -0.086087 -0.001626 0.012689 -0.094715 -0.057307 -0.013673 0.046064 0.049018 -0.030838 -0.023658 0.074734 0.002603 0.006440 0.056245 -0.025404 -0.009805 0.013038 0.045916 0.059316 -0.184172 0.097291 0.006306 -0.033134 0.027903 -0.009621 0.019465 -0.143429 -0.016839 -0.011307 -0.049144 0.038752 -0.004087 -0.036198 -0.066577 0.011250 0.106369 -0.065903 -0.031156 -0.011558 -0.104008 0.026589 0.065956 -0.096226 0.042659 0.009220 0.041116 -0.073180 0.090305 0.030653 -0.004142 -0.025351 0.008701 -0.033536 0.038712 0.043036 0.021575 0.078734 0.019075 0.107810 -0.083576 0.025780 0.022106 0.010265 0.051242 -0.030190 -0.078542 0.122363 -0.033405 -0.021348 -0.020288 -0.087715 -0.099302 -0.056698 0.115541 0.029357 0.006073 -0.018788 0.032580 0.055135 0.013817 -0.006459 0.044329 0.044695 -0.018641 -0.043066 -0.025495 -0.068514 -0.000000 0.004207 -0.000819 0.007921 -0.012967 0.034516 0.032174 0.000890 -0.001334 0.018003 -0.004871 0.077235 -0.059011 0.121169 0.124346 -0.032085 0.073558 0.033447 0.024106 -0.015134 -0.115006 0.024523 -0.014219 0.010558 -0.013409 0.001808 0.004183 0.043423 0.016896 -0.083682 0.017870 0.039474 -0.027592 -0.014996 -0.003730 -0.034531 -0.021540 0.023746 -0.110762 -0.009931 0.018215 -0.061151 0.043114 -0.052712 0.063044 -0.064831 0.038521 -0.020818 0.016014 -0.008532 -0.022216 -0.042905 0.033766 -0.070120 -0.045056 0.032460 -0.011430 -0.038280 0.027160 0.025214 -0.017715 0.003044 0.024019 -0.004855 -0.077503 -0.047792 -0.000105 0.059611 -0.007866 0.037384 0.027566 -0.034823 0.017862 -0.011123 0.035007 0.035845 -0.066148 0.001916 0.040167 0.090893 0.010078 0.074397 -0.029453 -0.046040 0.029867 -0.045753 0.047282 0.052344 0.052494 0.012943 0.069231 0.011563 -0.050694 0.028924 -0.061769 -0.035388 0.000000 0.022296 -0.039956 -0.087202 -0.079932 0.022945 -0.015746 0.030655 -0.046581 0.015469 -0.012936 -0.023686 -0.077988 0.019932 0.059427 -0.091375 0.009401 0.028688 0.030368 0.032468 -0.048188 -0.012301 0.028497 0.054895 -0.067805 0.108680 0.086537 -0.108792 -0.020091 -0.091247 -0.013177 -0.005239 0.031023 0.016369 -0.064679 -0.079687 0.031342 -0.000276 -0.010339 -0.050721 -0.035162 0.039149 -0.012864 -0.039870 0.004878 -0.023321 -0.007445 0.064431 -0.042024 0.005731 -0.048361 -0.027486 0.076280 0.022016 -0.011671 -0.009691 0.055369 -0.045036 0.013971 -0.047497 -0.045210 0.092507 0.040720 -0.014098 0.007902
Adventure|Children|Fantasy	0.041342 0.054703 0.020711 0.026949 -0.025070 0.027844 0.020603 0.031443 -0.040838 0.086108 -0.016153 0.072844 -0.004197 0.031702 0.000776 0.034165 0.048640 0.109717 0.009141 0.067468 -0.052198 0.029803 0.039625 -0.059812 -0.015558 0.048061 -0.046121 0.018083 -0.048128 -0.078128 0.057443 0.002320 0.020404 -0.063792 0.033283 0.118304 0.005753 0.004622 -0.002052 -0.008892 -0.072871 -0.058855 0.022025 -0.016472 -0.011523 -0.003392 -0.076490 -0.050779 0.092061 -0.017880 -0.002359 -0.048915 -0.074023 0.092650 0.026029 0.009375 0.011837 -0.073149 0.006738 0.035013 -0.049045 -0.011166 0.028499 0.012693 -0.103642 0.046000 -0.022484 0.004115 -0.021470 -0.107947 -0.065450 0.018218 0.039802 0.073788 0.064026 0.116672 -0.020137 -0.061037 -0.012761 -0.042337 -0.061853 -0.059682 0.033719 0.009371 -0.052823 -0.002062 -0.018299 0.021901 0.037423 0.046209 -0.019484 -0.023856 0.028366 0.058450 0.025885 0.050735 0.013477 -0.118950 -0.049990 0.090159 -0.000069 0.002449 0.015049 0.004117 0.039734 -0.006868 -0.020840 -0.098763 0.038515 -0.096425 0.013745 -0.042153 0.042251 -0.012569 0.029742 -0.037373 0.021678 -0.026210 -0.032648 0.071565 0.100495 0.006528 0.024640 0.046148 0.003766 -0.060363 0.049132 0.006386 -0.012012 0.010006 0.013124 0.076859 0.035185 0.034912 0.008159 -0.050939 -0.065160 0.044168 -0.003314 0.001629 0.018636 0.039915 0.074082 -0.066002 -0.058723 -0.108653 0.082440 0.061611 -0.015804 0.096996 0.094706 0.073513 0.030556 0.014369 -0.005071 -0.009837 0.045539 0.036165 0.104669 -0.074485 0.023333 -0.019330 -0.044260 0.045375 -0.048955 0.003024 -0.014154 0.058011 -0.109413 -0.078828 -0.095287 0.022597 -0.056465 0.000073 0.091761 0.056131 -0.130318 0.054768 -0.098370 0.033580 -0.022487 0.007108 0.026880 0.013722 0.003052 0.035775 0.007547 0.005151 0.183348 0.045181 0.064259 -0.016372 0.044496 0.019796 0.137277 0.011611 0.003142 -0.027232 -0.015409 0.027851 -0.000205 -0.040377 0.051012 -0.013656 0.025294 0.003483 -0.080179 -0.091391 -0.045472 -0.034322 -0.006969 -0.011284 -0.001925 -0.028997 -0.016776 -0.076950 -0.107863 -0.017950 0.002584 0.056700 0.007168 -0.027697 -0.029318 0.000000 0.038646 -0.097727 -0.020914 -0.033969 -0.042556 -0.023199 -0.061303 -0.018017 -0.012545 -0.020096 -0.124864 -0.010691 0.091120 -0.017377 -0.008993 -0.057193 0.007241 0.057938 0.021171 0.104377 -0.034361 0.036552 -0.088403 -0.068832 0.086877 0.079876 -0.015868 -0.043519 -0.082120 0.035732 0.005471 -0.015887 0.094937 -0.054214 -0.027442 0.008530 0.062150 -0.060582 -0.050890 -0.014782 0.017338 -0.043387 0.046145 0.042572 -0.016773 0.056886 0.030918 0.026437 0.009071 -0.007037 -0.058116 0.036890 -0.002172 -0.129866 0.006162 -0.012928 -0.001650 -0.072625 0.040029 -0.047832 -0.005964 0.014343 0.045839 0.057875 0.016543 -0.023114 -0.087213 -0.032559 -0.048018 -0.039527 -0.058877 0.042387 -0.034711 -0.074209 -0.016087 0.073997 0.080945 0.032384 -0.034278 0.019881 -0.067762 -0.040427 -0.031047 0.040265 -0.053191 0.009212 0.015462 0.038485 -0.065397 0.010107 0.015140 -0.008215 0.028405 -0.030892 0.025367 0.000000 0.031756 0.060130 -0.025775 0.019005 0.042446 0.060008 0.090979 0.031372 0.024827 0.033465 -0.023918 -0.015319 0.022171 0.043909 -0.006047 -0.014659 0.015893 0.002947 0.022329 0.069653 0.047522 0.074164 -0.006091 -0.087395 -0.013640 -0.038310 -0.022695 -0.167410 0.005858 0.034265 0.039705 0.036537 -0.014277 -0.043722 -0.041641 -0.113482 -0.035099 0.047921 0.044135 -0.040654 0.101414 0.007340 0.055520 -0.016613 -0.001446 0.026829 0.093568 -0.041552 -0.051948 0.029352 -0.082304 -0.033669 -0.020780 -0.018478 0.083911 -0.039408 -0.004173 -0.000994 -0.014180 -0.000618 0.019708 -0.004363 -0.089176 -0.002026
Grumpier Old Men (1995)	-0.089350 0.040875 -0.048774 -0.093990 0.094477 0.035843 0.001500 -0.077911 -0.039669 -0.103787 -0.006488 0.013258 -0.011400 -0.000739 -0.086382 0.004562 0.022604 0.147026 0.063681 0.005297 -0.038199 0.037051 -0.019273 -0.039031 0.021474 0.001609 -0.041750 -0.074165 -0.074070 -0.015738 -0.003558 -0.091282 0.069688 -0.038448 0.019090 -0.004586 0.011872 0.018049 -0.080668 0.026857 0.002426 0.008628 0.041085 -0.028477 -0.051208 -0.005693 0.011828 0.007865 0.029564 -0.022399 -0.006132 -0.052397 0.025191 0.050721 -0.000571 -0.045975 -0.010797 0.012144 -0.012500 -0.005707 -0.023172 -0.058514 0.014292 -0.002667 0.023262 -0.008901 0.027551 -0.158344 -0.020716 -0.016306 -0.175545 0.019126 0.022462 -0.007124 -0.065368 0.063843 0.046310 0.011201 -0.073812 -0.038955 -0.009665 -0.057105 -0.092923 -0.021355 -0.014602 -0.029398 0.013504 -0.043393 -0.036879 0.020306 -0.029406 0.031920 0.021672 -0.026795 0.038196 0.013997 0.102593 0.042356 -0.131929 0.149815 0.049039 0.006502 -0.007132 -0.063458 0.092828 -0.026200 0.012230 0.069055 0.013617 -0.001422 -0.138991 0.081643 0.028129 -0.004304 0.056340 -0.064720 0.029425 0.060730 -0.077809 -0.042156 0.036497 0.051061 -0.022202 -0.045900 -0.065109 -0.126711 -0.018011 -0.026190 0.054412 -0.004605 0.013121 0.015051 0.054713 -0.009315 -0.087556 -0.007817 0.055409 -0.039427 0.009255 -0.085393 -0.035902 -0.055496 -0.048870 0.041114 -0.007881 -0.033036 0.039642 -0.010688 -0.029331 0.105452 -0.062404 -0.074559 0.032618 -0.015631 -0.042749 -0.078702 0.046124 -0.007051 0.009863 -0.023634 0.013290 0.031216 -0.045259 -0.040489 0.032231 -0.068743 0.088912 0.009901 -0.058523 0.035937 0.048949 -0.033092 0.007695 0.021248 0.028495 0.035331 0.024681 0.045969 -0.037857 0.071990 -0.028306 0.013040 -0.033695 -0.045095 0.048813 -0.019627 -0.029058 -0.032406 0.070962 0.081954 0.113329 -0.038862 0.024688 0.026596 0.098871 -0.004025 -0.020375 0.031065 0.000133 -0.093739 -0.053029 -0.083666 0.086422 -0.108616 0.004884 0.037679 -0.052157 -0.106763 0.035212 0.020312 0.082484 -0.085824 0.059804 0.046920 0.036031 -0.021375 0.001233 -0.008565 -0.042068 -0.076253 0.035564 0.047621 0.022823 -0.000000 0.011535 -0.004327 -0.019449 -0.073567 0.066441 0.068683 -0.027339 -0.028629 0.058067 0.026649 0.003442 0.054836 0.080791 0.106896 0.096065 0.027736 -0.016451 0.012793 -0.019064 -0.034115 -0.039993 -0.065229 -0.001326 0.019462 -0.017734 0.012446 -0.013644 -0.040402 -0.021463 -0.059463 0.054540 -0.012206 0.001112 0.035658 -0.027894 -0.035674 0.020409 -0.054792 -0.018940 -0.077582 -0.044162 -0.011558 -0.013277 0.102617 -0.064764 0.007656 -0.017961 0.012763 -0.035163 0.009346 0.026877 0.003673 -0.049927 -0.045312 -0.019232 0.027553 0.016322 0.072510 0.009257 0.072855 -0.032828 0.022080 -0.003432 -0.097336 -0.085977 -0.002622 -0.036403 0.002854 0.023686 0.044341 -0.032551 -0.000418 0.033180 -0.024734 0.068130 -0.053077 0.025155 0.039224 0.094397 -0.032231 -0.037353 -0.019166 -0.013885 0.137553 -0.123169 0.012572 0.041996 0.088541 -0.008197 0.018154 0.033537 -0.060136 0.063793 -0.000293 -0.121891 0.000000 0.060896 0.068581 -0.096913 -0.027045 0.073228 0.002531 0.047905 -0.007829 -0.073827 -0.016418 -0.046856 -0.027970 -0.019728 0.029920 -0.046768 0.031100 -0.039169 0.055131 0.008206 -0.006250 0.009653 0.024658 0.006589 0.028961 0.055363 -0.013425 0.018715 -0.031202 -0.019974 -0.047571 0.020787 0.063124 -0.072820 -0.055336 0.074525 0.033098 -0.055960 0.015598 -0.036574 -0.041874 0.034042 0.028683 0.013835 -0.023564 0.002502 -0.010243 0.110549 -0.001435 -0.003797 0.086116 0.020547 0.017009 0.015970 0.076919 -0.012797 -0.005262 -0.015801 0.025551 -0.059675 -0.015488 0.110025 0.018153 0.074950 0.003759
Comedy|Romance	-0.050123 -0.073827 -0.025989 0.008928 -0.050710 -0.001309 0.057421 -0.033384 -0.024242 -0.020626 -0.031846 -0.011950 -0.046488 0.055739 0.031680 0.048355 0.113668 -0.033535 0.000602 0.033221 -0.022824 0.089310 0.030107 -0.059965 -0.013108 -0.090366 0.049913 -0.017265 -0.080116 -0.101475 0.051060 0.073154 0.038063 -0.003890 0.096388 -0.039600 -0.046455 0.003116 0.029498 -0.007397 -0.022795 0.005675 0.159774 -0.037701 -0.006817 -0.025879 0.036417 0.020565 -0.012991 0.069132 0.006610 0.020457 -0.100530 0.048051 -0.044948 0.001246 0.057253 0.029601 -0.018078 -0.002557 -0.033768 -0.098960 0.045941 0.016746 -0.026780 -0.034616 0.011189 -0.008623 -0.022694 -0.010537 -0.085776 0.044776 0.038505 0.032191 0.007044 0.055606 0.060301 -0.027756 0.035618 -0.099172 -0.033350 -0.040628 0.053422 -0.016367 -0.038922 -0.033554 0.075102 0.039750 -0.088154 -0.000517 -0.071811 -0.027735 0.020170 -0.071533 0.006970 0.102872 0.004749 -0.111363 -0.025598 0.198439 0.006653 0.047697 0.035066 0.000660 0.024747 0.026026 -0.016159 -0.037120 0.049493 -0.000693 -0.039037 0.020339 0.045626 -0.017782 0.128969 -0.041628 0.051411 -0.010424 0.001814 0.033698 0.108921 0.059228 -0.025509 -0.002857 -0.014125 -0.062469 0.014800 -0.063476 -0.032462 -0.072807 0.002544 0.020559 0.041081 0.076808 -0.090760 -0.010510 0.015957 -0.007234 0.083950 0.033484 0.017279 -0.012287 -0.001680 0.031938 0.005615 -0.092831 0.071868 -0.042648 0.025569 0.101472 0.067068 -0.055575 0.013842 -0.021636 -0.076682 -0.124946 0.033793 -0.013656 -0.022654 -0.022400 0.049383 -0.032896 0.042540 -0.004351 -0.036651 -0.117008 0.070680 0.081131 -0.087369 -0.028026 0.006704 0.082555 0.004490 0.010106 -0.064267 0.020710 -0.041582 0.051031 -0.001139 -0.074524 0.026586 0.034791 -0.048717 0.053026 0.046183 -0.109794 0.003219 -0.080079 0.075770 0.060558 0.072743 -0.030916 0.010870 0.070344 0.049427 -0.064383 0.046129 0.039255 -0.041099 0.069930 0.019391 -0.009354 -0.038563 -0.034113 0.062800 -0.040040 -0.009460 0.003579 -0.024842 -0.071680 0.004713 -0.072160 -0.014190 -0.077724 0.039378 -0.081612 0.063578 0.021751 -0.045834 -0.032536 0.125160 -0.002437 0.070476 0.000000 0.102286 0.060425 -0.061563 0.044897 -0.052611 0.000541 -0.003457 -0.055751 0.055947 0.005716 -0.048344 -0.016876 0.066042 0.002204 0.050723 -0.100549 0.004827 -0.047594 -0.002498 0.088482 -0.006601 0.010473 -0.009842 0.006177 0.082309 0.005445 0.066503 -0.099523 -0.093720 0.051756 0.026417 0.041784 0.025457 -0.057458 0.025532 0.075074 -0.042439 -0.052363 0.006902 -0.020101 -0.015699 -0.006873 0.016928 0.049565 0.036957 0.034104 -0.014606 -0.049632 -0.003614 0.014819 -0.058049 -0.008369 0.024862 -0.077450 0.010680 -0.042705 -0.055154 0.033195 -0.007547 -0.030890 0.032600 -0.056813 0.039246 0.021722 -0.014976 -0.046851 0.006145 -0.009428 0.045015 -0.022070 0.022921 0.065893 0.058504 0.006724 -0.015041 0.029930 0.029278 -0.001824 -0.056348 -0.007529 0.001665 0.000884 0.037007 -0.043557 -0.051996 0.052898 0.039593 0.032354 -0.049392 0.019203 0.032316 0.040285 0.034416 -0.034392 -0.022651 0.000000 -0.065492 -0.037658 -0.045138 -0.094569 0.053107 0.009818 -0.010415 -0.011482 -0.006745 0.084787 -0.069310 0.003765 0.062272 0.051462 -0.015271 -0.035151 0.001455 -0.034661 0.008515 0.000082 0.011393 0.039029 -0.047907 -0.106551 -0.029250 0.096978 0.009088 -0.060772 0.052372 0.019202 0.039874 0.013833 -0.093960 -0.092784 -0.009251 -0.057311 0.012588 0.035390 0.062188 0.021685 0.037286 0.064195 0.064815 -0.052529 -0.058496 -0.026338 0.096020 -0.021757 0.006794 -0.002211 -0.064283 -0.012409 -0.036902 0.008977 0.001581 -0.055865 -0.000957 0.065902 -0.111633 0.019919 0.012657 -0.027159 0.076158 -0.117163
Usual Suspects, The (1995)	-0.098427 -0.002661 -0.061572 -0.111237 0.169742 0.030734 -0.020527 0.003002 0.039233 0.015548 0.023813 0.032933 -0.036973 0.031862 -0.056360 0.011959 0.086862 0.038906 0.069926 -0.001333 -0.050674 0.006903 0.002706 -0.033934 -0.040212 0.028194 0.044951 -0.067900 -0.117026 -0.096034 0.031807 -0.043660 0.055824 -0.024303 0.007405 -0.003914 0.001412 0.026227 0.000373 -0.052805 -0.006794 0.011742 0.055472 -0.002926 -0.019553 -0.037086 -0.004030 0.031413 0.005358 -0.058208 0.017290 -0.056743 -0.012786 0.060645 0.016374 -0.022379 -0.057425 0.074451 0.043290 -0.042800 0.038784 -0.048968 -0.030738 -0.032760 0.020540 0.002039 -0.011682 -0.081652 0.017740 0.006809 -0.051141 0.026883 0.012874 -0.030041 0.055734 0.024595 0.051258 -0.039864 -0.062285 -0.043165 0.041280 -0.078003 -0.056742 0.064471 0.065137 0.038351 0.060095 0.001703 -0.007416 0.005356 -0.046898 -0.026915 0.053158 0.024722 -0.004182 0.054300 0.070873 -0.012204 -0.025895 0.112200 0.062627 -0.041222 0.007034 -0.089693 0.072072 0.045648 0.055128 0.009782 -0.002670 -0.003467 -0.101605 0.043974 0.010157 -0.061463 0.138666 -0.046242 0.079869 0.048962 -0.104510 -0.014374 0.050908 0.049320 -0.027426 -0.066306 -0.073301 -0.046655 -0.020995 -0.050840 0.022438 -0.066796 -0.021179 -0.043269 0.009617 -0.002185 -0.035072 -0.010199 -0.027629 0.093797 -0.035953 -0.106150 -0.030061 -0.044611 0.016678 0.072658 -0.020656 0.019802 0.017655 0.046411 -0.027858 0.075446 0.082264 -0.051562 0.036865 -0.003903 -0.006900 -0.085060 0.092732 -0.061744 -0.014362 0.073209 -0.019489 0.079954 -0.035605 0.031858 0.006952 -0.071015 0.138372 0.038594 -0.012326 0.095881 0.018937 0.026948 0.019775 0.041066 -0.068907 -0.017013 0.043945 0.086729 -0.021644 0.002527 -0.020037 -0.017700 -0.102338 0.040563 0.026727 -0.032515 0.023555 -0.029853 0.073016 0.049008 -0.009880 0.035744 0.034864 0.008668 0.098022 0.031903 0.020287 0.073819 -0.027505 0.028605 -0.045483 -0.054106 0.035850 -0.069756 0.018769 -0.019473 -0.034423 -0.066485 -0.050845 0.054422 0.073574 0.024077 -0.027253 0.034226 0.002429 -0.006090 0.028164 0.063413 0.056438 -0.072670 -0.054980 0.033791 -0.030554 0.000000 0.050441 -0.036412 -0.034141 -0.087097 0.116729 0.036408 -0.062546 -0.099801 0.034425 0.032291 0.022790 -0.051437 0.099815 0.094321 0.000709 0.014802 -0.000220 0.069665 0.002913 -0.061291 0.021942 -0.133163 0.011813 -0.066914 0.031712 0.049923 -0.010748 -0.020700 -0.122601 -0.055978 0.005092 0.015076 -0.012912 0.016202 -0.038113 -0.010533 0.050944 -0.163584 0.045453 -0.035916 0.009973 0.030578 -0.042005 0.054159 -0.052721 0.002306 0.065197 0.032975 -0.024202 -0.067961 -0.080710 -0.019633 -0.074765 -0.050820 -0.068231 0.052678 0.018386 -0.015279 0.073046 0.038961 0.049764 -0.001006 -0.018110 -0.057250 -0.051626 -0.028608 0.041170 -0.024610 0.032276 0.022652 -0.070820 0.040960 0.004340 -0.094800 0.046251 0.002491 0.030027 -0.002769 0.019652 0.001638 0.078272 -0.062874 -0.031545 0.092199 0.023937 0.097254 0.018741 0.037964 -0.025689 0.032897 -0.024303 -0.067410 0.057750 0.002660 0.000936 0.000000 -0.034581 0.009240 -0.062275 -0.024030 0.044812 -0.001929 -0.040438 0.032770 -0.088167 0.028336 -0.013677 -0.035790 -0.021057 -0.032226 -0.111853 -0.030579 -0.052356 0.061588 0.027125 0.015916 -0.070851 0.004866 -0.036641 -0.064116 0.080650 0.046628 -0.042881 -0.015601 -0.025858 0.071423 0.053508 -0.027579 -0.037487 -0.001663 -0.008755 0.022030 0.014544 0.018079 -0.020070 -0.059743 0.022026 0.042228 0.023234 -0.023881 -0.030421 -0.008098 0.025044 -0.047416 0.007572 -0.057435 -0.014743 -0.049839 -0.071376 0.078802 0.013546 0.087957 0.039387 0.043042 -0.060591 0.002984 0.060348 0.092149 0.087988 -0.010433
Crime|Mystery|Thriller	-0.020727 -0.012949 -0.068347 0.011630 0.023167 0.020058 0.046939 0.034983 0.024594 0.040842 -0.013717 0.019001 -0.052375 -0.011955 0.013177 0.025816 0.074202 0.046305 0.026143 -0.011115 -0.020647 0.008277 0.021349 -0.043475 0.092519 -0.029064 0.035461 -0.007860 -0.092899 -0.092842 0.032123 0.034527 0.008804 0.043899 0.065503 -0.035275 0.048860 0.050349 0.019842 0.001991 -0.062660 0.035161 0.067751 -0.046168 0.025356 -0.065554 -0.056526 0.099172 -0.014441 -0.032661 0.069827 -0.038981 -0.033964 0.026459 -0.030931 -0.081969 -0.071281 0.031745 -0.032341 -0.007163 0.046273 -0.009254 0.020539 -0.010809 0.006144 0.022137 -0.078603 0.026388 0.000553 -0.017669 0.039902 -0.006742 -0.048825 0.034611 -0.004723 -0.030064 0.080172 -0.044194 -0.077899 -0.040385 -0.007968 -0.075438 -0.031018 0.003782 0.006215 -0.046896 0.044310 0.080408 -0.006711 0.019725 -0.036510 -0.004127 0.019863 -0.007646 -0.050692 0.105940 -0.008910 -0.044716 -0.004986 0.114163 0.029152 -0.067159 0.017851 -0.089501 0.058029 -0.013627 -0.011610 -0.105322 0.012943 -0.070263 -0.069360 0.052039 0.074121 -0.057411 0.209661 -0.067001 -0.016566 -0.033637 -0.028280 0.059252 -0.001305 -0.016684 -0.016860 -0.042044 -0.043362 -0.016598 -0.048952 0.049322 0.007457 -0.059337 -0.030551 0.077618 0.017225 0.015252 -0.002034 -0.021726 -0.044224 0.111487 0.036517 -0.065640 0.016447 -0.009792 0.012865 0.034561 -0.046054 -0.025118 0.001625 -0.000322 0.004181 0.124825 0.037607 -0.021254 0.006410 -0.027287 -0.003456 -0.079173 0.041902 0.001226 0.016832 0.026270 0.077220 0.040421 0.032205 0.053866 -0.039775 -0.063767 0.043773 0.052633 -0.024320 0.034694 -0.107762 0.003842 0.011178 0.028124 -0.010687 -0.000410 -0.000824 0.084944 -0.043955 -0.042649 0.039095 -0.027207 0.020074 0.044567 -0.020992 -0.037717 0.071686 0.012780 0.128627 0.050329 0.020548 -0.018300 -0.045313 -0.004335 0.068258 -0.049020 0.001196 0.013937 -0.141882 0.055269 -0.000584 -0.000374 -0.037183 -0.007103 0.074113 -0.019884 -0.036441 -0.099420 -0.076189 0.029802 0.026646 0.034908 -0.022374 0.049690 -0.055195 -0.091815 -0.097587 0.041852 -0.004765 -0.085817 0.019047 -0.021750 0.024472 -0.000000 0.010118 -0.069281 -0.008047 0.013100 -0.015005 -0.039754 -0.129588 -0.096456 -0.018354 0.012590 -0.082559 -0.038602 0.061544 -0.030033 0.046991 0.005887 -0.011522 0.026621 0.006366 0.062058 -0.015046 0.069159 -0.061392 -0.011454 0.038814 0.084959 0.028254 -0.079068 -0.066845 -0.009709 0.045059 0.047085 0.018274 -0.035795 -0.019458 0.058612 0.078289 -0.187449 -0.018266 -0.015433 -0.033580 0.134632 0.042121 0.006255 -0.061885 -0.024302 0.039218 0.045655 -0.052889 -0.043162 0.013526 0.038409 -0.037722 -0.008439 -0.013409 0.075343 -0.084571 -0.045864 0.034096 0.024238 0.004013 0.030021 -0.034925 0.051071 0.028703 -0.035329 -0.019250 0.014988 -0.078236 -0.001400 -0.001348 0.044045 -0.018002 -0.007651 0.028242 0.019735 0.056817 0.029286 -0.053029 0.032061 -0.011416 0.035479 -0.107909 0.080509 0.068233 0.081046 0.098546 -0.020512 -0.084546 -0.087027 -0.024494 -0.023571 0.051374 -0.049522 0.036997 0.000000 0.000375 0.052056 -0.013132 -0.004248 0.034856 0.055996 -0.005528 0.062288 -0.052593 0.041688 0.009844 -0.071918 -0.023403 0.053900 -0.056654 -0.028393 -0.086001 0.003324 0.006027 -0.008048 -0.002761 0.012204 -0.037517 -0.012374 0.061478 -0.000045 0.087967 -0.033325 -0.014766 0.047485 0.031013 0.043860 -0.070485 0.028719 -0.129461 -0.047653 0.091472 -0.007561 -0.013441 -0.039270 0.027738 -0.067321 0.059180 -0.006862 -0.061545 -0.014305 0.091176 0.023242 0.038981 -0.099969 -0.057310 -0.076919 -0.013843 0.014047 0.109216 -0.030500 -0.021328 0.080218 -0.052285 0.001584 0.069925 0.073527 0.035317 -0.018225
Star Wars: Episode IV - A New Hope (1977)	-0.126071 -0.009070 0.010543 -0.094096 0.037786 0.042650 -0.001827 0.025412 0.068464 -0.062861 0.089756 -0.006312 0.065693 0.106687 -0.069445 0.015034 -0.010075 0.002642 0.033216 0.010304 -0.009031 -0.021392 0.023069 -0.095628 0.022116 -0.077611 0.048172 -0.002318 -0.046754 -0.040291 0.032461 -0.004387 0.026047 -0.039083 0.065379 0.002257 -0.021447 0.040079 0.014055 -0.123382 0.002600 -0.017925 0.063901 0.014524 0.010003 -0.118114 0.049284 -0.042955 0.099078 -0.061316 -0.018851 -0.008737 0.012878 0.042273 0.051120 -0.066934 -0.014725 -0.020030 -0.001922 -0.072081 0.003086 -0.027666 0.024309 -0.028782 0.067256 -0.092022 -0.000670 -0.085228 -0.046273 -0.016518 -0.091515 0.020962 0.071853 -0.081480 -0.051805 0.053102 0.091439 0.024841 -0.008198 -0.013951 0.000456 -0.066318 0.004142 0.041093 -0.026053 0.000283 0.055018 -0.007941 0.064489 0.079773 -0.112688 0.015516 0.045852 -0.005138 -0.013539 0.005466 0.004154 -0.069393 0.085230 0.083510 0.062816 -0.112383 0.041399 -0.000887 0.069143 0.016588 0.041364 -0.001537 0.048006 -0.014687 -0.092965 0.023735 0.031880 0.003090 0.039659 0.039887 -0.003012 0.019224 -0.113070 0.008324 0.071645 0.076614 0.079750 -0.030736 -0.048878 -0.029098 0.051042 -0.068570 -0.029052 -0.109106 0.052198 0.009722 0.005650 -0.014198 0.001463 -0.008375 -0.096358 -0.026506 -0.039083 -0.136600 -0.002099 -0.053654 -0.042080 0.010703 -0.019110 -0.047494 -0.084536 0.085802 -0.100951 0.047799 -0.009690 0.013373 0.017255 0.028596 0.017479 -0.055007 0.043125 -0.047847 0.021897 0.075713 -0.007266 0.041396 -0.031131 0.036489 0.004391 -0.025200 -0.044788 0.005637 0.021010 -0.003182 0.007514 0.018238 0.018433 -0.015793 0.026048 0.014557 0.033122 0.098232 -0.104522 0.088228 -0.010916 0.001384 -0.147533 0.002659 0.043029 0.004606 -0.027038 0.021128 -0.005668 -0.016843 0.024765 0.033411 0.026823 0.091763 -0.015910 -0.051974 0.000645 0.017049 -0.095301 0.043095 -0.116109 -0.064041 -0.050973 -0.042484 0.046293 -0.073553 0.033233 -0.054018 -0.129068 0.027054 -0.036863 0.054760 0.027331 0.030930 -0.042723 -0.044778 0.057494 -0.022958 -0.010716 -0.075155 -0.081092 -0.069202 -0.035150 0.000000 0.056460 -0.064074 -0.016671 0.002342 0.025447 0.103554 -0.037491 -0.020428 -0.037583 -0.005588 0.050787 0.015874 -0.000019 0.023048 -0.017937 -0.021684 0.037303 -0.000148 0.080959 0.066098 0.074117 -0.006438 0.072674 -0.061032 -0.037202 -0.053534 0.050593 0.024618 -0.056759 -0.037164 0.066072 -0.050306 0.058843 0.067639 -0.022001 0.031846 0.044778 -0.078430 -0.031160 0.061050 -0.078834 0.070862 -0.024644 0.087014 -0.011214 -0.026284 0.024167 0.081842 0.033079 -0.001645 -0.075512 -0.056434 -0.043213 -0.035629 -0.064246 0.040188 -0.034147 -0.026748 0.076540 -0.019431 0.050415 -0.043637 0.063302 -0.065043 -0.033564 0.058893 0.082968 -0.007743 0.007661 -0.015473 -0.086512 0.065598 -0.051643 0.033233 -0.016003 -0.044354 0.069043 -0.028523 -0.009943 -0.054799 0.020888 -0.003008 -0.002800 0.018817 0.064274 0.050815 0.114092 0.047981 0.027266 0.070028 -0.007494 0.003408 -0.002160 0.008779 0.040346 0.000000 0.027184 0.090245 -0.073571 -0.059867 0.092211 0.029252 -0.000718 0.006318 0.035656 -0.024524 0.023033 -0.028904 0.039046 -0.020737 -0.062063 -0.021593 0.028724 0.055130 0.029920 -0.069948 -0.016006 -0.030836 0.013607 0.014063 0.032828 0.005129 -0.058017 -0.007577 -0.029911 -0.068801 0.033434 0.061528 0.026350 -0.068252 -0.094978 -0.009770 0.024065 -0.044959 0.088545 0.026638 0.078942 0.081079 0.024896 0.000077 0.026914 0.033135 0.016644 -0.087213 -0.002545 -0.058672 0.051256 -0.001112 -0.032863 0.071317 -0.012431 0.005164 -0.036559 0.045440 -0.013562 0.000612 0.050269 0.036895 -0.072074 -0.002866
Action|Adventure|Sci-Fi	0.006795 0.041540 0.000363 -0.007912 -0.003447 0.065324 0.054900 0.056609 -0.013205 0.113091 -0.035039 0.017787 -0.043072 0.103239 -0.021862 0.043137 0.059154 0.053668 0.044996 0.082752 0.001309 0.007406 0.031307 -0.063251 -0.019647 -0.027414 -0.047190 0.035853 -0.083232 -0.100171 0.036799 0.047605 0.053383 -0.053219 0.027177 0.104986 -0.011170 -0.021310 -0.008521 -0.005943 -0.081535 -0.048429 0.147662 -0.011629 -0.014722 -0.032273 -0.078692 -0.082780 0.031328 0.009208 -0.000076 -0.094871 -0.075490 0.006549 0.040836 -0.022033 -0.032605 -0.023365 0.004948 -0.051374 -0.013196 -0.049841 0.011794 0.030339 -0.044593 0.028445 -0.037133 0.011541 0.046476 -0.098473 -0.036041 -0.051777 -0.025843 0.066609 0.034282 0.068050 0.078918 -0.005532 0.020489 -0.022884 0.031915 -0.112862 -0.034003 0.029484 -0.055888 0.014396 -0.064047 0.067148 0.042418 0.100167 -0.075247 0.008516 0.038086 0.041940 0.006140 0.095640 -0.000690 -0.053359 -0.007437 0.092168 0.050313 -0.017887 -0.018728 -0.051451 0.050161 -0.008480 0.008924 -0.128052 0.067277 -0.047394 -0.064587 -0.039017 0.001254 -0.042712 0.063719 0.043789 -0.002470 0.014699 -0.030584 0.006551 0.057667 0.009475 -0.012437 0.014508 0.027196 -0.077010 -0.013302 0.021397 0.005899 -0.107278 0.048626 0.063205 0.053367 -0.003736 0.006942 -0.040558 -0.084135 0.064370 0.023411 0.044747 0.038006 0.060006 0.038180 -0.009149 -0.058601 -0.079139 0.050673 -0.035525 -0.041232 0.062715 0.060369 0.012952 0.016300 0.022102 -0.081553 -0.048611 0.051633 0.039130 -0.024778 -0.036846 -0.001742 0.021500 0.054009 0.063891 -0.023434 -0.079631 0.059509 0.056504 -0.081652 -0.024199 -0.041853 0.017574 -0.012258 -0.015474 0.073749 0.057416 -0.017837 0.079091 -0.133267 0.029708 0.069236 -0.075355 0.037734 -0.023534 -0.002302 -0.033152 -0.045111 0.030983 0.171128 0.021127 0.060608 0.001403 0.002171 0.108998 0.058242 0.005401 0.022613 0.067793 -0.062852 0.039515 -0.016648 -0.072363 0.000801 -0.005681 0.012061 -0.047383 -0.091745 -0.035197 -0.053832 -0.024090 -0.027979 0.038106 -0.001204 0.016153 -0.006712 -0.111422 -0.051646 -0.013050 -0.051875 -0.016603 0.025297 -0.032353 -0.009600 0.000000 -0.000416 -0.091833 -0.054068 -0.000905 -0.010297 -0.005673 -0.077498 0.000608 0.012234 0.007166 -0.113167 -0.011769 0.063853 0.057123 0.005817 -0.112867 -0.054922 -0.016308 0.035360 0.159572 -0.006736 -0.004691 0.009162 -0.060910 0.071295 0.073457 0.013321 -0.034792 -0.066898 0.021037 0.013235 0.011951 0.070343 -0.033426 0.003815 0.081782 0.077014 -0.113157 -0.021746 -0.050005 0.035588 -0.010451 0.058333 0.082136 0.013172 -0.016594 -0.005121 0.017681 -0.041024 0.032558 -0.063154 0.023193 -0.017386 -0.126681 0.067418 -0.007069 -0.066385 -0.053934 0.027914 -0.024013 0.038623 -0.045835 0.056004 0.035937 0.040626 -0.052929 -0.021475 0.036042 -0.091763 -0.059222 -0.015377 0.049281 -0.034246 -0.050729 0.010397 -0.018718 0.039445 0.019626 0.001280 0.086291 -0.010291 -0.001312 -0.012737 0.070502 -0.053439 0.069867 -0.052481 0.029871 -0.037892 0.018959 0.009786 -0.013701 0.038443 0.019358 -0.041293 0.000000 0.012066 0.080667 -0.031101 -0.094226 0.020901 0.082321 -0.013268 0.048232 -0.005027 0.003548 0.021792 -0.049122 0.035210 0.031154 -0.048713 0.003218 0.015525 0.040936 -0.003448 0.065025 0.030854 0.042916 -0.008041 -0.091739 -0.027754 -0.043863 0.020546 -0.102734 0.025846 0.109392 0.013239 0.022712 -0.049616 -0.035909 -0.062132 -0.031446 0.024155 0.009488 0.029327 -0.028400 -0.015778 0.032620 0.046761 -0.028786 0.002282 0.079666 0.015090 -0.070322 -0.002806 -0.087823 0.004909 -0.005813 0.014193 0.005871 0.098904 0.066803 0.015008 0.022233 -0.025879 -0.008942 0.034509 -0.090811 -0.066559 -0.008180
Pulp Fiction (1994)	-0.097586 0.022319 -0.060503 -0.009428 0.038374 -0.012235 -0.047154 0.010753 0.027167 -0.005443 -0.004512 0.002647 -0.054023 0.034445 -0.036635 0.023671 0.042971 0.066512 0.013730 -0.009620 0.005393 0.034797 0.011723 -0.016875 0.023729 -0.058164 0.008215 -0.052809 -0.112258 -0.014648 0.045756 -0.040831 -0.008057 0.016605 0.027739 -0.029230 0.064623 0.003247 -0.031103 -0.101867 0.004659 -0.014817 0.010491 0.059586 0.055601 -0.062972 0.008873 0.029676 0.041652 -0.022250 0.035595 -0.012816 -0.044633 0.010976 0.056547 -0.021449 -0.035566 0.088334 0.071904 -0.003839 -0.005412 -0.087454 -0.007954 0.025968 0.055410 0.004463 -0.020752 -0.043337 -0.076090 0.015432 -0.065024 0.021048 0.057089 0.016707 -0.013587 0.054231 0.055588 -0.048990 -0.016899 -0.030489 -0.009647 -0.040087 -0.163917 0.063441 -0.054994 0.055469 0.076087 0.004590 -0.033521 0.096694 -0.083320 -0.011576 0.033760 0.010135 -0.025100 -0.027689 0.072869 0.007739 0.035880 0.115894 0.136929 -0.019434 -0.040999 -0.066704 0.065389 0.067497 0.035912 0.045964 0.030860 0.021629 -0.083257 0.056587 -0.009742 -0.053169 0.084530 -0.000508 0.006073 -0.000745 -0.047593 0.017703 0.056323 0.059500 -0.063580 -0.053187 -0.108899 -0.087762 0.001563 0.000522 0.025165 -0.053743 -0.026050 0.009239 -0.015204 0.043156 -0.061989 0.054439 -0.042593 0.114893 0.015326 -0.115689 -0.019930 0.015001 0.018174 0.027818 0.010263 -0.003896 0.001702 0.001602 -0.085077 0.052212 0.001317 -0.045126 -0.004209 -0.010411 -0.074719 -0.142957 0.039876 0.003973 -0.055284 0.011549 -0.000645 0.034025 -0.040534 0.034288 0.033771 -0.048291 0.052947 -0.000310 -0.021142 -0.000098 0.025795 0.019344 0.008837 0.029566 -0.069598 -0.002870 0.018270 0.043808 -0.041439 0.003378 0.058659 0.031369 -0.126590 -0.038286 -0.002799 0.004848 0.077707 -0.042836 0.019038 0.014961 0.020957 -0.023561 0.031441 0.057817 0.058675 0.040383 0.060265 0.109258 -0.101737 0.058967 -0.055109 -0.100126 0.024226 -0.094434 0.017811 0.013982 -0.072052 -0.047368 -0.069508 0.125864 -0.009118 -0.064320 0.047569 0.046708 -0.077010 0.035093 0.001848 -0.011142 -0.040693 -0.054363 -0.044413 -0.012095 -0.004277 0.000000 0.010482 -0.031601 0.080715 -0.024953 0.067783 0.076307 -0.068874 -0.055173 0.031908 -0.046931 0.054558 -0.002299 0.102731 0.115166 0.026589 0.029036 -0.072119 -0.006164 0.014648 0.009681 -0.033402 -0.072190 0.051381 -0.000445 0.009044 -0.001298 -0.024248 -0.019781 -0.020237 -0.019790 0.100129 -0.019955 0.003025 0.065901 -0.062804 0.043715 0.018807 -0.112617 0.028568 -0.003080 0.077650 0.022566 -0.103262 0.046900 -0.097065 0.031400 0.095753 -0.000956 -0.021766 0.057947 -0.089804 -0.071612 -0.051896 0.029723 0.016330 0.041660 -0.014749 0.018668 0.011931 0.034717 -0.067172 0.021010 -0.069108 -0.041908 0.001255 -0.025225 -0.014063 -0.017021 -0.033748 0.081735 -0.070812 0.071027 -0.055920 -0.031682 0.022901 -0.047292 0.017368 -0.034824 -0.004219 0.054684 -0.014793 -0.000574 0.047987 0.128452 -0.028027 0.022028 0.000838 0.094300 0.013595 0.040311 0.035035 0.052127 -0.011443 -0.056312 -0.059541 0.000000 -0.070479 0.080606 -0.015608 -0.044941 0.035912 0.045426 0.013380 0.023644 -0.035849 0.029542 -0.032321 -0.076588 0.009644 -0.054257 -0.092512 0.037099 0.008419 0.054781 0.060856 -0.001044 0.019731 0.006509 0.063535 -0.055681 0.087314 0.037186 -0.041058 -0.018512 -0.020480 -0.006365 0.091754 0.038678 -0.066603 0.014745 -0.084567 -0.043655 -0.005096 -0.046294 -0.024116 -0.050371 0.067996 0.030597 -0.108767 0.000446 -0.018647 0.068345 0.110416 0.003851 -0.046487 0.039354 0.000976 -0.015734 -0.010535 0.073308 -0.028663 -0.004289 -0.002324 0.087164 -0.098560 -0.047667 0.024381 0.009842 0.070392 -0.013202
Comedy|Crime|Drama|Thriller	0.006806 -0.092159 -0.030045 -0.007446 -0.000703 0.053306 0.068716 0.021503 -0.052613 0.051447 -0.056354 -0.003182 -0.048411 0.041994 0.030273 0.039356 0.114131 -0.013815 0.006323 -0.007379 0.008940 0.021497 0.049150 -0.087730 0.065191 -0.067181 0.026576 -0.003140 -0.092261 -0.117627 0.015470 0.024573 0.066928 0.022939 0.051372 -0.071130 -0.015633 0.066877 -0.037281 0.018626 -0.055093 0.020616 0.117516 -0.021800 0.020825 -0.051191 -0.015660 0.055499 -0.032793 0.003983 0.033161 -0.032893 -0.060001 0.054819 -0.004463 -0.054594 -0.056473 0.049065 -0.030189 0.009695 -0.000779 -0.038411 0.022493 -0.001902 -0.044239 -0.001957 -0.022873 0.026951 -0.002253 0.048493 -0.005708 -0.029331 0.006647 0.024745 -0.020173 0.031733 0.104039 -0.040367 -0.036692 -0.084307 -0.009067 -0.099166 0.017141 -0.029043 -0.038409 -0.046264 0.014626 0.088753 -0.075538 -0.001100 -0.082255 -0.056806 0.081864 -0.034550 -0.027897 0.079459 0.000871 -0.112628 0.034436 0.127598 -0.036612 -0.051739 0.020425 -0.067010 0.047994 -0.043700 -0.011777 -0.098569 0.002986 -0.051629 -0.072499 0.042503 0.085513 -0.082810 0.130093 -0.095838 -0.004476 -0.030392 -0.020052 0.025769 0.078431 0.028020 -0.003306 -0.018276 -0.012623 -0.008073 -0.038173 -0.006757 -0.014300 -0.082905 0.010939 0.091467 0.008651 0.039379 -0.058445 -0.027084 -0.036516 0.056579 0.042603 0.008274 0.000850 0.018514 0.023509 0.049192 -0.024920 -0.051212 -0.042232 -0.014435 -0.026416 0.175739 0.040297 -0.044705 -0.009550 -0.015226 -0.086127 -0.107338 0.015135 0.021322 -0.017479 0.012528 0.046723 0.007829 0.063147 0.055115 -0.074440 -0.055920 0.078362 0.062126 -0.078676 0.009034 -0.103022 0.049614 0.025939 -0.015271 -0.060281 0.049966 -0.022297 0.113055 -0.005645 -0.004644 0.053202 -0.038337 -0.012106 0.033759 -0.008183 -0.099162 0.002169 -0.013309 0.119026 0.014155 0.035884 -0.055039 -0.034312 0.047465 0.052958 -0.008051 -0.012397 0.063418 -0.107610 0.062376 0.002373 0.001001 -0.052188 -0.021191 0.044631 -0.010038 -0.064485 -0.001930 -0.056586 -0.070488 -0.032505 0.004674 -0.011770 -0.017588 0.010018 -0.131716 -0.031816 -0.021132 -0.033412 -0.026879 0.079119 0.034879 0.013768 -0.000000 0.074835 -0.015123 -0.035982 0.053509 -0.045267 0.004040 -0.103989 -0.082496 0.025339 0.016457 -0.056478 -0.052162 0.086078 -0.038917 0.034764 -0.054358 -0.031077 0.025166 0.004335 0.058589 -0.023140 0.041982 -0.062331 0.040769 0.049898 0.060629 0.010151 -0.116840 -0.084573 0.008881 0.046711 0.055593 0.029344 -0.012133 -0.007048 0.037540 0.096647 -0.149436 -0.009067 0.029233 0.022758 0.055457 0.034498 0.023810 -0.057852 -0.000289 0.039259 -0.030728 -0.068703 -0.026670 -0.025037 0.025363 -0.029078 -0.029344 0.007661 -0.001994 -0.083549 -0.046321 0.022462 -0.037739 -0.018802 -0.028991 0.029155 0.040604 -0.005671 -0.043827 -0.018596 -0.024299 -0.061615 -0.006040 0.022207 0.078161 -0.011888 0.020728 0.008301 0.017944 0.040976 0.044858 -0.021540 -0.003206 -0.009044 0.036455 -0.025786 0.015666 -0.014463 0.071937 0.107023 0.014071 -0.044684 -0.060818 0.016022 -0.025257 0.060112 -0.005559 0.001791 0.000000 -0.003490 0.016864 -0.041031 -0.016770 0.022949 0.021916 -0.023377 0.088760 -0.018136 0.082873 0.051768 0.000041 -0.038014 0.040841 -0.038367 -0.016408 -0.018453 -0.003111 -0.010950 0.050138 0.015517 0.048822 -0.044709 -0.051085 0.041639 0.041856 0.073828 -0.071948 0.022911 0.080194 0.045320 0.044326 -0.095350 -0.060711 -0.094970 -0.027420 0.063281 0.012031 -0.000276 0.024139 0.043287 -0.035713 0.096921 -0.034265 -0.030037 -0.047555 0.043428 0.046691 0.020444 -0.127437 -0.088884 -0.040773 -0.005938 -0.013534 0.100992 -0.014027 -0.000360 0.101329 -0.074386 0.001457 0.058544 0.027710 0.032026 -0.034550
Shawshank Redemption, The (1994)	-0.125641 -0.054810 -0.105368 -0.045530 0.031839 0.030437 0.045471 -0.018404 0.068757 -0.018679 -0.035404 0.072309 0.002137 0.020795 -0.033565 0.062585 0.050947 0.080923 0.031238 0.019614 -0.006496 -0.021948 0.054491 -0.077801 0.027099 -0.107158 -0.016635 -0.045218 -0.101153 0.020592 0.054082 -0.063308 -0.013044 0.005044 -0.025603 0.009247 0.076671 0.015744 -0.027573 0.018739 -0.034940 0.053979 -0.014819 0.049536 0.016259 -0.026823 0.049724 -0.000942 0.053757 -0.028583 -0.014712 0.006175 -0.021028 0.081923 0.047635 -0.026470 -0.039212 0.058074 0.044748 -0.002219 -0.039951 -0.056563 -0.014808 0.041142 0.027112 -0.028474 -0.012402 -0.092997 0.041562 -0.025345 -0.109347 0.076381 -0.025497 -0.012257 -0.073270 0.012373 0.037086 -0.018189 -0.000437 -0.045915 -0.077183 -0.056564 -0.056496 0.057976 0.040995 0.072290 0.111025 0.001628 -0.016836 0.054719 -0.080957 0.010991 0.009483 0.031067 -0.036594 -0.084042 0.094807 -0.012397 0.001838 0.075642 0.089267 -0.068769 -0.087160 -0.061229 0.089212 0.044097 0.014801 -0.057783 0.046575 -0.076079 -0.122953 0.013905 0.027053 0.014413 0.081621 0.012148 -0.033239 0.045743 -0.043302 0.003946 0.064707 0.058793 -0.008868 -0.006584 -0.099165 -0.075648 -0.030885 -0.064325 0.037971 -0.043340 0.007050 -0.058481 0.018048 0.002212 -0.040954 0.038101 -0.082310 0.066831 0.005779 -0.123200 0.008440 -0.012849 0.064085 0.018953 -0.048372 0.030965 0.049853 0.000337 -0.012744 0.076462 0.053034 -0.011095 -0.058187 -0.072036 -0.033280 -0.070162 -0.006126 -0.015001 -0.044864 0.057962 -0.044147 0.073241 -0.023835 0.011155 -0.016798 -0.024983 0.060032 -0.012209 -0.010878 0.036801 0.040223 0.008376 -0.014148 0.058223 -0.040435 0.008609 -0.061260 0.046761 -0.034222 0.062897 0.093944 -0.004079 -0.153053 0.002580 -0.012294 0.046508 0.008414 0.006606 0.043477 -0.071326 0.072171 -0.031706 -0.010933 -0.003686 0.067998 0.024854 -0.039526 0.067346 -0.110126 0.013867 0.016239 -0.081044 0.041674 -0.114586 0.023627 0.005950 -0.068224 -0.038358 -0.045023 0.111176 0.099220 -0.006526 -0.016875 0.069575 -0.031628 -0.028891 0.029509 -0.015486 -0.038452 -0.013468 -0.098009 0.014520 0.027741 0.000000 0.022905 -0.022813 0.013652 -0.072486 0.067904 0.050205 -0.009701 -0.079704 0.002353 -0.047884 0.038952 -0.039166 0.058954 0.094968 0.003580 -0.021013 -0.058787 0.026174 -0.004610 -0.051208 0.025772 -0.066735 0.022337 -0.021802 0.076891 0.037089 -0.038373 -0.004358 -0.070737 -0.056479 0.069717 -0.050149 -0.001921 0.027455 -0.025558 0.027377 0.084955 -0.145009 0.030295 0.008586 0.044382 0.038316 -0.042443 0.073706 -0.077351 0.021349 0.035505 -0.014338 -0.023494 0.030707 -0.033846 0.004355 -0.020030 -0.019441 0.046777 0.066453 0.027758 -0.049403 0.014277 0.065997 -0.064638 0.022451 0.029279 -0.031831 0.001688 -0.020201 0.029807 -0.013311 -0.035834 0.032348 -0.092455 0.028863 -0.007836 -0.136112 0.060599 -0.001479 0.057795 0.078830 -0.018223 0.018134 -0.011047 -0.072463 0.041888 0.091729 -0.048657 0.019779 0.087797 0.094643 0.053753 -0.011146 0.012898 -0.003383 0.038585 -0.028614 -0.008204 0.000000 -0.066704 0.076686 -0.119120 -0.076068 0.042285 0.072952 0.034009 0.031884 -0.047380 0.045204 -0.005236 -0.057620 -0.013911 -0.027682 -0.113382 0.024671 -0.022729 0.012488 0.101199 0.017626 -0.005422 -0.029213 0.065920 -0.082124 0.010455 0.090262 -0.005935 -0.039867 -0.009617 -0.017478 0.056923 -0.023457 -0.036039 0.029518 -0.030912 0.016589 0.007407 -0.058676 0.050027 -0.038763 0.053890 0.033976 -0.004343 0.038119 0.016804 0.057556 0.056776 -0.025626 0.022846 0.008528 0.049233 0.010281 0.038324 0.015276 0.025366 0.037365 -0.004593 -0.008899 -0.060078 -0.048966 0.055812 0.051030 -0.011662 -0.073425
Crime|Drama	-0.007533 -0.009613 -0.005957 -0.011638 0.000225 0.004384 0.101884 0.060421 0.027401 0.082581 -0.002496 -0.029828 -0.019836 0.023888 -0.000067 0.014656 0.139992 -0.010602 -0.006054 0.032805 -0.060362 -0.031355 0.038246 -0.027872 0.072236 -0.072599 0.023724 0.045476 -0.089194 -0.060109 0.060486 0.005414 0.064578 0.021420 0.000586 -0.094447 -0.024835 0.004271 0.007738 -0.018701 -0.030923 0.034136 0.018781 -0.004867 -0.016650 -0.088920 -0.063038 0.076137 0.013737 0.000630 -0.037201 -0.024024 -0.019011 0.051781 -0.029475 -0.037699 0.018111 0.083553 -0.022421 0.018187 0.005527 -0.009503 0.043896 0.019486 0.013189 0.019772 -0.024123 0.052814 -0.014444 -0.003429 -0.009730 -0.039471 -0.031826 0.032284 -0.023836 0.000408 0.076796 -0.049323 0.001229 -0.048543 -0.007402 -0.030611 -0.024480 -0.001791 -0.067979 -0.041349 0.034264 0.022529 0.025058 -0.063799 -0.085612 -0.030646 0.116971 -0.027148 -0.072473 0.056361 -0.033057 -0.067170 0.048179 0.179398 0.013390 -0.077119 0.034921 -0.020413 0.068758 -0.054784 -0.027670 -0.059042 0.010844 -0.060781 -0.083106 0.021707 0.086468 -0.029651 0.149644 0.026692 0.000494 0.010621 -0.111114 0.032947 0.094365 -0.007189 -0.024859 0.023486 -0.042024 -0.065101 -0.060767 -0.009155 0.002198 -0.111024 -0.014355 0.053731 0.001658 -0.006488 -0.024012 0.032635 -0.032988 0.025893 0.061668 -0.059088 0.028878 -0.000314 0.005550 0.000907 -0.015936 -0.083507 0.019456 0.020137 -0.002635 0.068343 0.036610 -0.014125 0.010309 -0.005535 -0.032169 -0.060143 0.005022 -0.000845 -0.008352 0.091621 0.071532 0.069033 0.049765 0.025384 -0.084828 -0.045865 0.040005 0.087027 -0.044646 0.062791 -0.080572 0.031827 -0.009037 0.012412 -0.066181 -0.049892 -0.014413 0.076706 0.053526 0.036283 0.038099 -0.005336 -0.004712 0.024613 -0.070504 -0.038328 0.022703 0.002986 0.159937 0.009633 0.079300 0.025021 -0.011377 0.002886 0.070296 -0.022369 0.058667 0.056081 -0.091248 0.104595 -0.010379 0.091308 -0.085795 -0.041231 0.062336 -0.013168 -0.049697 -0.029916 -0.070962 -0.041048 0.029814 -0.021140 0.023070 -0.026186 -0.058447 -0.077093 -0.026486 0.065346 0.014729 -0.040500 0.007727 0.055508 0.018480 0.000000 0.055743 0.001679 -0.004863 -0.012605 0.007790 0.041202 -0.064788 -0.078418 -0.025190 0.032270 -0.079487 -0.066738 0.051937 0.008917 0.056538 -0.085104 0.023643 0.068921 -0.057983 0.071425 -0.034579 0.073751 -0.042019 0.024427 0.005494 0.017322 0.039126 -0.069266 -0.135316 -0.007166 -0.027567 0.039642 -0.004583 -0.018018 -0.007264 -0.004082 0.110424 -0.151001 0.012503 -0.065123 -0.003801 0.097034 -0.008394 -0.019735 -0.039885 0.024395 0.085306 0.049683 -0.059167 -0.063059 -0.019311 -0.009976 0.023191 -0.074766 0.002737 -0.022360 -0.061814 -0.022831 -0.031342 0.023414 0.013957 0.035934 -0.051663 0.019957 0.043089 0.009550 -0.002777 -0.064476 -0.046705 0.014205 0.058441 0.022867 -0.045259 0.052175 0.001410 0.013888 -0.008708 0.021663 -0.023321 0.030249 0.033069 0.045740 -0.016224 0.045565 0.072822 0.046124 0.084385 0.021303 -0.059867 -0.012719 0.036282 -0.013240 0.036023 -0.043803 -0.003512 -0.000000 -0.020555 -0.020167 -0.052699 -0.015808 0.003357 0.039978 -0.045352 0.017443 -0.027166 0.099191 0.000846 -0.046389 -0.003918 0.006260 -0.086619 -0.010813 -0.002796 0.012136 -0.027805 0.046475 -0.009519 -0.003719 -0.099695 -0.019046 0.059479 0.049126 0.061420 -0.010389 -0.049830 -0.001959 0.039025 -0.036960 -0.053188 -0.029987 -0.104661 0.025748 0.086969 0.022959 -0.019934 0.004128 0.043018 -0.013763 0.123282 -0.046861 -0.059701 0.024591 -0.035380 0.050691 0.075537 -0.065008 -0.045923 -0.059654 -0.052952 -0.023027 0.095699 -0.067459 0.035491 0.163914 -0.067320 0.042539 0.040250 0.032268 0.088867 -0.102080
Forrest Gump (1994)	-0.096968 0.024098 -0.047423 0.013367 0.062768 0.068880 0.025412 -0.057218 0.033266 -0.004199 -0.060185 0.079120 -0.056158 -0.032908 -0.037156 0.082614 0.026408 0.124685 0.021575 -0.008760 0.004520 0.033791 0.047185 -0.026128 0.038988 -0.016890 0.037325 -0.085079 -0.046125 0.002464 -0.006098 0.013487 -0.018784 -0.031685 0.017055 -0.022654 -0.024926 0.014835 -0.014202 -0.048029 0.036352 0.068198 0.023008 -0.045663 0.049290 -0.092247 -0.005823 0.017262 0.051638 -0.019092 0.026135 -0.000436 -0.040519 0.015176 -0.023435 -0.004923 -0.030914 0.064009 0.047992 0.008860 -0.036253 -0.125445 0.016143 0.020158 0.092174 0.013784 -0.043165 -0.070822 -0.018969 0.001232 -0.133384 0.047644 -0.026301 0.047419 -0.028991 0.023379 0.062967 0.048031 -0.027039 -0.084564 -0.025758 -0.029536 -0.136669 0.001529 -0.010360 0.070984 0.096066 -0.006816 -0.049834 0.015865 -0.147717 0.051628 0.006417 -0.018211 0.000887 0.026204 0.090058 -0.022340 -0.015772 0.121846 0.033816 -0.049017 -0.063482 -0.073995 0.033854 -0.001203 -0.029406 0.018292 0.083995 0.043485 -0.085554 0.098019 0.010140 0.043589 0.033680 -0.049387 -0.007129 -0.047865 -0.065912 0.044728 0.062161 0.092649 -0.013925 -0.055723 -0.064745 -0.150156 0.026880 -0.065420 0.044685 -0.095428 0.038312 -0.029061 0.029107 0.067719 -0.056326 0.048155 -0.011458 0.123120 -0.006668 -0.156217 -0.023209 -0.017751 0.004857 0.077154 -0.018408 -0.004083 0.001037 -0.004899 -0.007228 0.060381 0.014777 -0.040254 0.013046 -0.000824 -0.052684 -0.121350 0.040642 0.028739 -0.060987 0.038188 -0.002928 0.042642 -0.053031 -0.045106 0.011573 -0.046434 0.101662 -0.043628 0.020663 -0.014706 0.057133 0.056856 -0.015826 0.063859 -0.031407 -0.056891 -0.086019 0.004438 -0.016386 0.016283 0.061324 0.047255 -0.096967 0.017855 0.021475 0.041012 0.016040 -0.000219 -0.032965 -0.022177 -0.025137 -0.017414 0.008380 -0.028949 0.051223 0.006363 0.097472 0.037553 -0.026717 0.042050 -0.018571 -0.111092 0.027299 -0.124805 0.036662 -0.019682 -0.051589 -0.040897 -0.030842 0.066566 0.033384 -0.052879 0.000056 0.030919 -0.105398 -0.021434 0.001190 0.018269 -0.023165 -0.005475 -0.081858 -0.017718 -0.007454 -0.000000 0.009350 0.014508 0.071137 -0.062156 0.052017 0.029715 -0.033561 -0.055696 0.030075 -0.011266 0.017101 -0.027369 0.141780 0.109378 -0.029642 0.002220 -0.032777 0.002476 -0.038630 -0.027253 0.040325 -0.028625 0.006161 0.009915 -0.033195 0.051339 0.007919 -0.035666 -0.022073 -0.012659 0.076996 0.010252 -0.017366 0.029790 -0.044631 -0.031541 0.040353 -0.155525 0.001734 -0.013820 0.094615 -0.000774 -0.057947 0.056719 -0.050607 0.000653 0.007209 0.035477 -0.026735 0.034005 -0.126713 -0.038288 -0.057705 0.036596 -0.016099 0.019249 -0.004454 -0.028325 0.037802 0.025232 -0.001292 -0.007370 -0.011797 -0.061072 0.005946 -0.046053 -0.044059 -0.053883 0.022886 0.080342 -0.058317 0.025014 -0.051087 0.009236 0.020385 0.028644 0.074332 0.038523 -0.026285 -0.021725 -0.024357 -0.061281 -0.009459 0.107356 -0.091953 0.057599 0.010227 0.069586 0.001136 0.114092 -0.017317 0.014050 -0.006907 0.056532 -0.009677 0.000000 -0.047431 0.052774 -0.031379 -0.036757 0.059561 0.030061 0.014305 0.032707 -0.045657 0.000758 -0.051004 -0.010919 0.050432 -0.036397 -0.073664 0.003193 0.030869 0.043014 0.133204 0.007348 -0.011872 0.030859 0.068924 -0.016102 0.112407 0.028007 -0.051924 -0.009354 -0.018035 -0.006739 -0.002019 0.043102 -0.104888 -0.034684 -0.007304 -0.027760 0.002096 -0.026976 -0.011721 -0.051029 0.094996 0.081039 0.016038 -0.012966 -0.049048 0.030098 0.049331 0.010490 0.015059 0.030616 -0.013402 -0.024025 -0.014934 0.058629 -0.023483 0.040063 -0.038244 0.000363 -0.124160 0.020344 0.005106 0.019374 0.002305 0.032131
Comedy|Drama|Romance|War	-0.009885 -0.058886 -0.027832 -0.035653 -0.038090 0.043951 0.054016 0.030380 -0.050809 0.054780 -0.040326 -0.040404 -0.037763 0.026527 0.002823 0.066904 0.066235 -0.036418 -0.010780 0.014345 -0.017421 0.044195 0.067681 -0.087463 0.044423 -0.039972 0.043530 0.026023 -0.078743 -0.111272 0.003030 0.031735 0.075434 -0.005763 0.046212 -0.028437 0.034187 0.067821 0.003958 -0.008271 -0.034603 -0.034592 0.170245 -0.011642 0.005209 -0.019132 0.002341 -0.028337 -0.047845 0.037577 0.022869 -0.014263 -0.070878 0.075535 0.020816 -0.061389 -0.004680 0.058672 -0.006920 0.020536 -0.049842 -0.011208 0.050879 -0.010882 -0.025987 -0.029758 0.040949 0.034165 -0.061407 0.045070 -0.048075 0.011904 0.047252 0.015296 -0.007214 0.054809 0.110889 -0.016612 0.012492 -0.060780 -0.023659 -0.059946 0.045546 0.041844 -0.058381 -0.047312 0.015335 0.067497 -0.032106 0.007384 -0.114891 -0.044903 0.119299 -0.017254 -0.010484 0.100712 0.030730 -0.122495 0.009504 0.169079 -0.016797 -0.029111 0.037082 -0.030636 0.013911 0.020171 -0.062567 -0.059698 -0.018912 -0.021826 -0.070643 -0.026848 0.001823 -0.082618 0.087466 -0.079215 0.029194 -0.038100 -0.031816 0.045391 0.092769 0.020914 -0.005764 0.021892 -0.005870 -0.028129 -0.007871 -0.077318 0.000551 -0.135956 0.029311 0.100334 0.004416 0.065724 -0.039626 -0.030601 0.040553 0.008245 0.004483 0.075945 0.002999 0.032395 0.026623 -0.012962 -0.041742 -0.077045 -0.023593 -0.008832 -0.011501 0.108970 0.061321 -0.048404 0.019825 0.000916 -0.044804 -0.123715 0.020041 0.025250 0.008183 -0.000237 0.036198 -0.024751 0.048133 0.040526 -0.056170 -0.101886 0.041956 0.065645 -0.093617 0.025363 -0.073928 0.076550 0.061089 0.000702 -0.001606 0.026221 -0.042609 0.087310 -0.018853 -0.015888 0.012304 -0.010000 -0.028448 0.013404 0.007374 -0.041041 -0.027672 -0.032183 0.074417 -0.026701 0.075953 -0.051781 -0.004710 0.060929 0.009673 -0.026850 -0.036138 0.063610 -0.074195 0.070402 -0.029620 -0.015919 -0.044738 0.001879 0.053058 -0.009963 -0.093199 -0.011370 -0.014219 -0.072966 -0.021475 -0.019914 -0.049475 -0.096308 0.032879 -0.127583 -0.001626 -0.026224 -0.047912 0.010272 0.092554 -0.009415 -0.017801 -0.000000 0.093358 0.020554 -0.057762 0.016218 -0.018663 0.011190 -0.025679 -0.028318 0.074337 0.024883 -0.022692 -0.060344 0.045748 -0.028567 -0.007077 -0.099676 0.017925 -0.019874 0.036660 0.126492 0.005065 0.003640 -0.048799 0.032176 0.062226 0.033876 -0.003376 -0.144077 -0.111694 0.032536 0.106683 0.046705 0.036302 -0.039143 0.042427 0.020507 0.038718 -0.081893 0.013290 0.025230 0.013995 -0.034081 0.028253 0.065082 -0.046517 0.032086 -0.051324 -0.035795 -0.040293 0.000011 -0.033013 -0.030660 0.022257 -0.113209 0.018420 -0.039017 -0.106477 -0.061057 0.004787 0.004754 0.012844 -0.068077 0.060259 0.032265 -0.022542 -0.056744 0.003803 -0.052990 0.003945 -0.040891 -0.017160 0.039912 -0.011795 0.030719 -0.010391 0.023861 0.057172 0.020827 -0.027183 0.025035 -0.024560 0.003457 0.030283 -0.029854 -0.054518 0.033246 0.069212 0.048193 0.031407 0.000715 0.041681 -0.054486 0.025556 -0.015894 -0.038627 0.000000 -0.007506 0.015237 -0.022310 -0.035904 -0.028740 0.016387 -0.017553 0.014840 0.021668 0.122576 0.002413 -0.019863 -0.031945 0.033716 -0.049845 0.006331 -0.025880 -0.055640 -0.006647 0.007449 0.012170 0.014551 -0.060629 -0.080101 -0.005585 0.096314 0.005402 -0.081834 0.057750 0.034774 0.065918 0.037858 -0.140279 -0.131933 -0.055771 0.024764 0.021251 0.012094 0.027872 0.049396 0.067620 0.050602 0.084895 -0.040717 -0.007335 -0.004772 0.013778 -0.000966 -0.026134 -0.072458 -0.084422 0.041806 0.014184 -0.014292 0.035952 -0.020944 0.043892 0.138438 -0.055690 0.013990 0.033581 -0.043217 0.033669 -0.056292
Silence of the Lambs, The (1991)	-0.056392 0.083737 -0.055060 -0.036635 0.015472 -0.009426 -0.058397 -0.101848 0.074989 -0.099976 0.012748 -0.042379 0.011030 -0.046065 0.022653 0.046278 0.071170 0.077999 0.060641 -0.044048 -0.111066 0.036275 0.002713 -0.024609 0.021793 0.037897 -0.011613 -0.078972 -0.130026 -0.029186 -0.002007 -0.028760 0.035671 -0.058497 0.045063 0.057388 0.039115 0.028177 -0.034433 -0.013661 -0.009312 0.012971 0.104490 0.006820 -0.035356 -0.017574 0.003526 -0.001094 0.065808 0.046263 -0.045367 -0.038637 -0.032800 0.041578 0.110646 -0.094299 -0.015922 0.042027 -0.039070 -0.013575 -0.027757 -0.055252 -0.026972 0.044134 0.049296 -0.012413 0.031959 -0.085726 -0.028140 -0.020750 -0.090833 0.117447 0.058119 -0.008176 -0.007183 0.087839 0.041201 -0.032003 -0.019861 0.061460 0.040448 -0.061105 -0.085661 -0.048113 -0.063572 0.053647 0.060102 -0.013596 0.016389 -0.119845 -0.109460 -0.037841 -0.007603 0.043979 0.011612 0.051671 0.037744 -0.042018 -0.018384 0.091768 0.051125 -0.041806 -0.064946 -0.036045 0.094335 0.023177 -0.014901 0.065147 -0.012077 -0.028328 -0.029843 0.019080 -0.001827 0.024976 0.047049 0.002432 0.035016 0.013993 -0.022174 0.024716 -0.003936 0.013202 0.042420 -0.007281 -0.081567 -0.030844 0.003101 -0.061241 0.061492 -0.049796 -0.105462 -0.046626 0.039498 -0.042653 -0.036343 0.075302 -0.112615 -0.018697 0.024875 -0.127968 0.030172 -0.094597 0.043394 0.035487 0.012789 -0.021389 0.092066 0.031857 -0.076838 0.090246 0.039353 0.062210 0.050113 -0.022052 -0.048383 -0.003062 0.012588 -0.005253 -0.040662 0.045560 0.002269 -0.008595 -0.050525 0.084291 0.005249 -0.007203 0.038429 -0.022589 0.018726 0.036031 -0.007589 -0.054363 0.001485 0.095931 -0.063677 -0.020853 0.018211 0.070816 -0.035774 0.121978 0.016535 -0.013477 -0.054930 0.007641 -0.038436 -0.072421 -0.030924 -0.056452 0.038398 -0.012078 0.066789 -0.029208 0.002155 -0.039908 0.053466 -0.020828 0.008324 -0.048915 -0.125119 0.023135 -0.021522 -0.046342 0.098110 -0.020890 0.039291 0.005404 -0.051332 -0.038804 0.021276 0.017803 0.066866 0.050553 0.035310 -0.034369 -0.019944 0.008813 0.058499 -0.021182 0.002665 0.023996 -0.011586 0.000030 -0.025226 0.000000 -0.028777 -0.010707 -0.045826 -0.070838 0.028177 0.036359 -0.049959 -0.028773 0.059079 0.016304 -0.006369 -0.056972 0.002853 0.118113 0.028174 -0.030671 0.031426 -0.049176 0.058670 0.090907 0.006616 0.005589 -0.001242 -0.008540 -0.008396 -0.011068 -0.081475 0.075444 0.037899 -0.056460 0.078289 -0.030743 0.006257 0.002306 0.064469 0.040983 0.002604 -0.049384 0.039104 -0.050703 0.104374 -0.028978 -0.067694 0.029474 -0.112446 0.035259 0.019933 0.055871 -0.003953 0.091989 -0.076032 -0.105820 -0.031823 0.025691 -0.050533 -0.015463 -0.037008 0.019237 0.057872 0.052575 0.006948 0.001751 -0.021038 -0.070850 0.003379 0.048340 0.013522 -0.046988 0.020428 0.023320 -0.072479 0.095656 -0.032720 -0.071936 -0.013473 -0.035314 0.020534 -0.022760 0.031139 -0.134712 0.018988 -0.051000 -0.092309 0.095581 -0.008468 0.024111 0.040406 0.026307 0.034389 0.054241 0.068979 -0.051334 0.119074 -0.057110 0.039587 0.000000 -0.044787 0.015177 -0.125984 -0.055783 0.027009 -0.013118 -0.009362 0.018342 -0.057293 0.045858 0.010360 0.023057 -0.021538 0.005507 -0.138686 0.039163 -0.019809 -0.057583 0.076851 -0.042290 -0.099699 0.016435 0.010265 0.002545 0.045402 -0.058741 -0.009055 -0.026319 0.026950 0.033004 0.043867 0.043422 -0.058853 0.019286 0.014076 0.039390 0.023576 0.000583 0.057265 -0.051332 0.051984 0.039178 0.036072 0.044239 -0.004329 0.022140 0.042783 -0.028873 0.030201 0.038386 -0.013538 -0.044366 0.003660 0.025620 -0.051548 0.017311 0.072581 -0.005232 -0.097583 0.015931 0.100809 0.040980 0.019511 0.018822
Crime|Horror|Thriller	0.002762 -0.042095 -0.057764 0.014779 0.028324 -0.005758 0.034059 -0.008665 0.011112 0.059587 -0.032637 0.019843 -0.011407 0.029202 0.036200 0.029348 0.077539 -0.011967 0.015392 0.003181 0.019459 0.012894 0.028661 -0.068263 0.080527 -0.042811 0.014025 0.008431 -0.104416 -0.098819 -0.009756 0.054835 0.030329 0.080491 0.060554 -0.060285 0.030851 0.068268 -0.026285 0.011475 -0.059859 0.050278 0.062592 -0.048303 0.047257 -0.087045 -0.019238 0.097547 -0.021192 -0.070171 0.039714 -0.051999 -0.054322 0.016517 -0.025882 -0.074962 -0.086254 0.035782 -0.009503 -0.017461 0.019994 -0.008491 0.021165 -0.015108 -0.026351 0.001586 -0.050139 0.027810 -0.005968 0.022421 0.024912 -0.051199 -0.009053 0.040306 -0.009491 -0.016466 0.080412 -0.061414 -0.039638 -0.109003 -0.007539 -0.075016 -0.024922 -0.034761 -0.002675 -0.013400 0.055070 0.103648 -0.069963 0.064720 -0.048231 -0.053921 0.043894 -0.028255 -0.046974 0.068672 -0.045420 -0.073180 -0.001759 0.141743 -0.029418 -0.083884 -0.011063 -0.057891 0.039031 -0.019824 0.012809 -0.069892 -0.000250 -0.056719 -0.023249 0.010891 0.074079 -0.028115 0.178761 -0.065279 -0.009042 -0.039167 0.003511 0.058836 0.057567 -0.000893 -0.013628 -0.037646 0.000764 -0.017136 -0.013707 0.026044 0.003419 -0.024903 0.032226 0.068042 0.001485 -0.023689 -0.030252 -0.013549 -0.056031 0.111920 -0.000812 -0.052434 0.027140 0.003798 0.052224 0.041072 0.022507 -0.007905 -0.029649 -0.002350 -0.023517 0.172304 0.018802 -0.030715 -0.001637 -0.046859 -0.067330 -0.045883 0.025855 0.029849 0.014848 0.000038 0.026229 0.036299 0.029587 0.065016 -0.063356 -0.041797 0.055653 0.028881 -0.032105 0.045850 -0.143191 -0.004842 0.016369 0.008733 -0.036939 0.016973 -0.006871 0.083828 -0.015332 -0.022339 0.043867 -0.030300 0.007081 0.023445 0.006855 -0.054088 0.064101 0.033585 0.115468 0.043220 0.045065 -0.082223 -0.039917 -0.007334 0.082775 -0.023099 -0.017700 0.054090 -0.149047 0.057061 0.006848 0.009253 -0.064614 0.001050 0.053126 -0.013735 -0.020171 -0.022533 -0.092870 -0.015734 -0.003204 0.030935 0.032511 0.056562 -0.011346 -0.097192 -0.071598 0.054566 -0.025621 -0.038491 0.064231 0.000684 0.010985 -0.000000 0.063421 -0.043031 -0.023435 0.030837 -0.053184 0.002743 -0.151786 -0.119102 -0.019273 0.002476 -0.066845 -0.016991 0.114001 -0.044180 0.084344 -0.029802 -0.048425 0.019514 0.012094 0.023387 -0.044485 0.066457 -0.035144 0.030913 0.013508 0.071604 0.033613 -0.040469 -0.030932 -0.068693 0.053367 0.032444 0.043285 -0.013285 0.010090 0.075058 0.074234 -0.159070 -0.021759 0.001821 -0.008404 0.088444 0.009542 0.012273 -0.085968 -0.011586 0.063810 -0.020189 -0.047745 -0.041965 -0.007113 0.034376 -0.037969 -0.016576 -0.030976 0.004560 -0.053615 -0.075647 0.018388 -0.011187 -0.026004 -0.002114 0.006377 0.035334 0.050772 -0.057402 -0.027929 -0.027052 -0.066393 0.000731 -0.007480 0.083755 -0.048519 0.013336 0.049395 0.011193 0.023270 0.003026 -0.008162 0.004242 -0.020541 0.013924 -0.076044 0.092564 0.040272 0.058625 0.080113 -0.013184 -0.081791 -0.092783 -0.028672 -0.015866 0.095984 -0.015682 0.025100 0.000000 -0.029681 0.038992 -0.013176 0.020110 0.028118 0.042468 -0.017838 0.072038 -0.078311 0.055188 0.032908 -0.028760 -0.021331 0.060196 -0.060185 0.014672 -0.051816 -0.004922 -0.008127 0.016256 0.024941 0.067236 -0.054585 -0.040006 0.067170 0.007165 0.068985 -0.035045 -0.023289 0.015180 0.060735 0.049680 -0.077239 0.014171 -0.123311 -0.045532 0.091148 0.029999 0.023575 -0.027646 0.043028 -0.044159 0.069703 -0.017518 -0.037915 -0.031386 0.080674 0.046528 0.034891 -0.107970 -0.102317 -0.040517 -0.014380 -0.019511 0.105127 -0.011897 -0.005873 0.064683 -0.038374 -0.002214 0.095114 0.021518 0.016899 -0.040730
Godfather, The (1972)	-0.033310 0.034431 -0.092979 0.023468 -0.041326 0.071222 -0.036372 0.073540 0.012812 -0.042210 0.032773 0.005149 -0.021397 0.020465 -0.001597 0.015056 0.045700 0.093414 -0.000089 -0.054501 -0.019870 -0.064054 -0.014731 0.027128 -0.019620 -0.015541 -0.029394 -0.022159 -0.030414 0.018621 -0.058301 -0.019898 0.051744 -0.035467 0.048708 -0.007890 0.035527 0.056540 0.007683 -0.144360 -0.009183 -0.031421 0.007339 0.111978 0.012664 -0.078645 0.008738 0.000649 0.070487 -0.009009 -0.043063 0.013380 -0.044470 -0.031150 0.032681 -0.036040 -0.001608 0.035978 0.114909 -0.029552 -0.034017 -0.126172 -0.067502 -0.009425 0.054389 -0.018541 -0.035054 -0.085804 -0.077260 0.036040 -0.102287 0.085527 0.030343 0.015113 -0.067288 0.037463 -0.012604 0.008175 -0.043936 -0.010970 0.135038 -0.005646 0.005034 -0.064847 0.008734 0.022792 0.090412 0.032952 0.021124 -0.006668 -0.087964 -0.008998 -0.011765 0.006543 -0.001645 0.020314 0.022018 -0.050240 0.024857 0.113042 0.099302 -0.050663 -0.002306 -0.059515 0.092215 0.067665 0.049191 -0.019355 0.041807 0.016354 -0.107570 0.011835 0.011792 -0.100401 0.021671 -0.031050 0.035194 0.067955 -0.006805 0.027387 0.094077 0.016362 0.048536 0.017992 -0.037248 -0.070574 -0.025194 0.000895 0.026273 -0.046517 -0.001939 0.020883 -0.025584 -0.027177 -0.006642 -0.015842 -0.070653 0.065116 0.009946 -0.113410 -0.060547 -0.074227 0.034900 0.040708 0.012452 0.007068 0.021779 -0.052939 -0.058425 0.139236 -0.001053 0.051129 0.006237 0.007787 -0.086295 0.014441 -0.010191 0.014141 -0.002027 0.062319 -0.128733 0.017400 0.063984 0.007892 0.048744 -0.061735 0.018740 0.031333 -0.056311 -0.039629 -0.027605 0.046424 0.021095 0.064743 -0.085937 0.010107 0.017927 0.089660 -0.001561 -0.027063 -0.006301 -0.035274 -0.125424 0.007954 0.069976 0.005049 0.058249 -0.033003 0.118394 0.022700 -0.004400 0.104438 -0.037080 0.011710 -0.038765 0.037222 0.045433 0.042623 -0.036827 -0.015494 -0.026965 -0.028518 0.016068 -0.007266 -0.016470 0.008200 0.000733 -0.079399 -0.066584 0.008184 0.038399 -0.014313 0.038759 0.084314 -0.091301 -0.052701 0.061450 0.034482 0.022209 -0.047585 -0.005865 0.007578 0.048497 0.000000 0.030408 -0.037559 0.106976 -0.054366 -0.025040 0.084194 -0.077708 -0.044938 0.024296 -0.024515 -0.001669 0.000534 0.065827 0.041994 0.021390 -0.064148 -0.077849 -0.065271 0.077615 0.115904 -0.091597 -0.084097 0.138624 -0.007587 -0.042902 -0.091741 -0.018120 0.013803 0.051076 0.027982 0.004889 -0.017224 0.023112 0.073929 -0.056416 0.076591 0.010397 -0.082107 -0.077559 -0.025361 -0.024615 0.082028 -0.103295 0.017064 -0.001177 -0.014452 0.065576 -0.000807 -0.000402 -0.036553 -0.023704 -0.043513 -0.001945 -0.029332 -0.012311 0.059708 -0.020905 -0.017113 0.052684 -0.032790 -0.015386 0.025527 -0.015950 -0.044041 0.021697 0.028612 0.086574 -0.043103 0.025994 0.036617 -0.046204 0.073423 -0.068344 0.029919 0.036314 0.071262 0.042588 0.076851 -0.009326 -0.046582 -0.040769 0.009236 0.005580 0.077999 0.038487 -0.033157 0.073899 0.015496 0.037565 0.088658 0.068039 -0.015223 0.085492 -0.009145 -0.087283 0.000000 0.010930 0.079971 0.004322 -0.096230 0.024210 0.008907 -0.042000 -0.063168 0.025469 0.033626 -0.025067 0.032700 0.029529 -0.005354 -0.007234 -0.052479 -0.007886 -0.053345 0.044266 -0.079854 0.002299 0.037588 -0.002554 -0.022627 0.128658 -0.002800 0.007462 -0.032848 0.014070 0.051303 0.011757 -0.049720 -0.065557 -0.080049 -0.043691 -0.037035 -0.049726 -0.062120 0.017325 -0.080119 0.039012 0.018542 -0.003576 -0.027736 0.004455 0.067719 0.077098 -0.039927 -0.007456 -0.016598 -0.013735 -0.077990 -0.040277 -0.005364 0.022121 -0.037683 0.067893 0.044821 -0.043181 -0.042524 0.023091 0.024710 0.037232 -0.063347
